universe,side,split,split_type,objective,prior,n,spearman,E_5_20,capture_5_20,S_top,Neff_top20,Neff_pool
primary,history_cv,random_r0,random,Y1_G,P_H_fixed,1044,0.7021,4.4019,0.8679,53,9.257,28.029
primary,history_cv,random_r0,random,Y1_G,P_phys_fixed,1044,0.7957,4.7847,0.9434,53,9.988,28.029
primary,history_cv,random_r0,random,Y2_E_over_rho,P_H_fixed,1044,0.6333,3.3493,0.6604,53,9.257,28.029
primary,history_cv,random_r0,random,Y2_E_over_rho,P_H_matched_Y2,1044,0.7152,4.2105,0.8302,53,12.718,28.029
primary,history_cv,random_r0,random,Y2_E_over_rho,P_phys_fixed,1044,0.5849,2.3923,0.4717,53,9.988,28.029
primary,history_cv,random_r0,random,Y2_E_over_rho,P_phys_matched_Y2,1044,0.7857,4.8804,0.9623,53,15.978,28.029
primary,history_cv,random_r1,random,Y1_G,P_H_fixed,1064,0.6476,3.662,0.7222,54,11.678,29.86
primary,history_cv,random_r1,random,Y1_G,P_phys_fixed,1064,0.7815,4.6009,0.9074,54,10.707,29.86
primary,history_cv,random_r1,random,Y2_E_over_rho,P_H_fixed,1064,0.5534,2.723,0.537,54,11.678,29.86
primary,history_cv,random_r1,random,Y2_E_over_rho,P_H_matched_Y2,1064,0.7023,3.9437,0.7778,54,14.068,29.86
primary,history_cv,random_r1,random,Y2_E_over_rho,P_phys_fixed,1064,0.5388,1.9718,0.3889,54,10.707,29.86
primary,history_cv,random_r1,random,Y2_E_over_rho,P_phys_matched_Y2,1064,0.7651,4.2254,0.8333,54,18.809,29.86
primary,history_cv,random_r2,random,Y1_G,P_H_fixed,1025,0.6726,3.9024,0.7692,52,9.652,29.825
primary,history_cv,random_r2,random,Y1_G,P_phys_fixed,1025,0.8028,4.7805,0.9423,52,9.307,29.825
primary,history_cv,random_r2,random,Y2_E_over_rho,P_H_fixed,1025,0.512,3.3171,0.6538,52,9.652,29.825
primary,history_cv,random_r2,random,Y2_E_over_rho,P_H_matched_Y2,1025,0.7182,4.5854,0.9038,52,17.565,29.825
primary,history_cv,random_r2,random,Y2_E_over_rho,P_phys_fixed,1025,0.5544,2.0488,0.4038,52,9.307,29.825
primary,history_cv,random_r2,random,Y2_E_over_rho,P_phys_matched_Y2,1025,0.7777,4.6829,0.9231,52,18.081,29.825
primary,history_cv,random_r3,random,Y1_G,P_H_fixed,1065,0.7107,4.4131,0.8704,54,10.342,29.402
primary,history_cv,random_r3,random,Y1_G,P_phys_fixed,1065,0.8147,4.6948,0.9259,54,10.088,29.402
primary,history_cv,random_r3,random,Y2_E_over_rho,P_H_fixed,1065,0.5891,3.4742,0.6852,54,10.342,29.402
primary,history_cv,random_r3,random,Y2_E_over_rho,P_H_matched_Y2,1065,0.744,4.4131,0.8704,54,16.904,29.402
primary,history_cv,random_r3,random,Y2_E_over_rho,P_phys_fixed,1065,0.592,1.8779,0.3704,54,10.088,29.402
primary,history_cv,random_r3,random,Y2_E_over_rho,P_phys_matched_Y2,1065,0.8125,4.6948,0.9259,54,18.196,29.402
primary,history_cv,random_r4,random,Y1_G,P_H_fixed,1051,0.6609,3.6967,0.7358,53,11.456,29.54
primary,history_cv,random_r4,random,Y1_G,P_phys_fixed,1051,0.7743,4.6445,0.9245,53,11.801,29.54
primary,history_cv,random_r4,random,Y2_E_over_rho,P_H_fixed,1051,0.5336,2.654,0.5283,53,11.456,29.54
primary,history_cv,random_r4,random,Y2_E_over_rho,P_H_matched_Y2,1051,0.7012,3.8863,0.7736,53,15.382,29.54
primary,history_cv,random_r4,random,Y2_E_over_rho,P_phys_fixed,1051,0.5243,1.8957,0.3774,53,11.801,29.54
primary,history_cv,random_r4,random,Y2_E_over_rho,P_phys_matched_Y2,1051,0.7463,4.8341,0.9623,53,20.357,29.54
primary,history_cv,random_r5,random,Y1_G,P_H_fixed,1057,0.6951,3.8679,0.7736,53,13.821,31.287
primary,history_cv,random_r5,random,Y1_G,P_phys_fixed,1057,0.782,4.717,0.9434,53,11.211,31.287
primary,history_cv,random_r5,random,Y2_E_over_rho,P_H_fixed,1057,0.5542,1.6038,0.3208,53,13.821,31.287
primary,history_cv,random_r5,random,Y2_E_over_rho,P_H_matched_Y2,1057,0.7186,4.1509,0.8302,53,20.736,31.287
primary,history_cv,random_r5,random,Y2_E_over_rho,P_phys_fixed,1057,0.5008,1.3208,0.2642,53,11.211,31.287
primary,history_cv,random_r5,random,Y2_E_over_rho,P_phys_matched_Y2,1057,0.7706,4.6226,0.9245,53,18.289,31.287
primary,history_cv,random_r6,random,Y1_G,P_H_fixed,1071,0.6564,4.4651,0.8889,54,10.215,27.753
primary,history_cv,random_r6,random,Y1_G,P_phys_fixed,1071,0.7891,4.9302,0.9815,54,10.056,27.753
primary,history_cv,random_r6,random,Y2_E_over_rho,P_H_fixed,1071,0.5032,3.7209,0.7407,54,10.215,27.753
primary,history_cv,random_r6,random,Y2_E_over_rho,P_H_matched_Y2,1071,0.6979,4.5581,0.9074,54,15.594,27.753
primary,history_cv,random_r6,random,Y2_E_over_rho,P_phys_fixed,1071,0.5276,2.6977,0.537,54,10.056,27.753
primary,history_cv,random_r6,random,Y2_E_over_rho,P_phys_matched_Y2,1071,0.7636,4.9302,0.9815,54,15.314,27.753
primary,history_cv,random_r7,random,Y1_G,P_H_fixed,1070,0.6689,4.3925,0.8704,54,12.96,30.006
primary,history_cv,random_r7,random,Y1_G,P_phys_fixed,1070,0.7845,4.5794,0.9074,54,10.654,30.006
primary,history_cv,random_r7,random,Y2_E_over_rho,P_H_fixed,1070,0.5363,2.6168,0.5185,54,12.96,30.006
primary,history_cv,random_r7,random,Y2_E_over_rho,P_H_matched_Y2,1070,0.7075,4.2991,0.8519,54,16.994,30.006
primary,history_cv,random_r7,random,Y2_E_over_rho,P_phys_fixed,1070,0.5319,2.0561,0.4074,54,10.654,30.006
primary,history_cv,random_r7,random,Y2_E_over_rho,P_phys_matched_Y2,1070,0.7781,4.6729,0.9259,54,19.93,30.006
primary,history_cv,random_r8,random,Y1_G,P_H_fixed,1058,0.6564,3.9623,0.7925,53,9.466,27.393
primary,history_cv,random_r8,random,Y1_G,P_phys_fixed,1058,0.7573,4.434,0.8868,53,8.225,27.393
primary,history_cv,random_r8,random,Y2_E_over_rho,P_H_fixed,1058,0.5303,2.9245,0.5849,53,9.466,27.393
primary,history_cv,random_r8,random,Y2_E_over_rho,P_H_matched_Y2,1058,0.6975,4.0566,0.8113,53,14.917,27.393
primary,history_cv,random_r8,random,Y2_E_over_rho,P_phys_fixed,1058,0.5258,2.0755,0.4151,53,8.225,27.393
primary,history_cv,random_r8,random,Y2_E_over_rho,P_phys_matched_Y2,1058,0.7342,4.3396,0.8679,53,16.642,27.393
primary,history_cv,random_r9,random,Y1_G,P_H_fixed,1073,0.6881,4.8372,0.963,54,10.07,27.793
primary,history_cv,random_r9,random,Y1_G,P_phys_fixed,1073,0.7963,4.9302,0.9815,54,9.567,27.793
primary,history_cv,random_r9,random,Y2_E_over_rho,P_H_fixed,1073,0.5889,3.3488,0.6667,54,10.07,27.793
primary,history_cv,random_r9,random,Y2_E_over_rho,P_H_matched_Y2,1073,0.7258,4.093,0.8148,54,16.746,27.793
primary,history_cv,random_r9,random,Y2_E_over_rho,P_phys_fixed,1073,0.5587,2.1395,0.4259,54,9.567,27.793
primary,history_cv,random_r9,random,Y2_E_over_rho,P_phys_matched_Y2,1073,0.7698,4.2791,0.8519,54,15.943,27.793
primary,history_cv,chemsys_r0,chemsys,Y1_G,P_H_fixed,1071,0.6671,3.814,0.7593,54,12.086,34.623
primary,history_cv,chemsys_r0,chemsys,Y1_G,P_phys_fixed,1071,0.7925,4.6512,0.9259,54,11.83,34.623
primary,history_cv,chemsys_r0,chemsys,Y2_E_over_rho,P_H_fixed,1071,0.4941,2.6047,0.5185,54,12.086,34.623
primary,history_cv,chemsys_r0,chemsys,Y2_E_over_rho,P_H_matched_Y2,1071,0.7069,3.3488,0.6667,54,18.1,34.623
primary,history_cv,chemsys_r0,chemsys,Y2_E_over_rho,P_phys_fixed,1071,0.4998,1.4884,0.2963,54,11.83,34.623
primary,history_cv,chemsys_r0,chemsys,Y2_E_over_rho,P_phys_matched_Y2,1071,0.7597,4.5581,0.9074,54,18.879,34.623
primary,history_cv,chemsys_r1,chemsys,Y1_G,P_H_fixed,1058,0.6602,3.9623,0.7925,53,9.661,30.724
primary,history_cv,chemsys_r1,chemsys,Y1_G,P_phys_fixed,1058,0.781,4.717,0.9434,53,10.815,30.724
primary,history_cv,chemsys_r1,chemsys,Y2_E_over_rho,P_H_fixed,1058,0.4907,2.4528,0.4906,53,9.661,30.724
primary,history_cv,chemsys_r1,chemsys,Y2_E_over_rho,P_H_matched_Y2,1058,0.6982,3.8679,0.7736,53,19.88,30.724
primary,history_cv,chemsys_r1,chemsys,Y2_E_over_rho,P_phys_fixed,1058,0.4961,0.9434,0.1887,53,10.815,30.724
primary,history_cv,chemsys_r1,chemsys,Y2_E_over_rho,P_phys_matched_Y2,1058,0.7851,4.6226,0.9245,53,26.017,30.724
primary,history_cv,chemsys_r2,chemsys,Y1_G,P_H_fixed,1060,0.6242,4.3396,0.8679,53,8.976,29.415
primary,history_cv,chemsys_r2,chemsys,Y1_G,P_phys_fixed,1060,0.8054,4.2453,0.8491,53,11.02,29.415
primary,history_cv,chemsys_r2,chemsys,Y2_E_over_rho,P_H_fixed,1060,0.4505,2.7358,0.5472,53,8.976,29.415
primary,history_cv,chemsys_r2,chemsys,Y2_E_over_rho,P_H_matched_Y2,1060,0.6604,3.7736,0.7547,53,12.926,29.415
primary,history_cv,chemsys_r2,chemsys,Y2_E_over_rho,P_phys_fixed,1060,0.5446,2.5472,0.5094,53,11.02,29.415
primary,history_cv,chemsys_r2,chemsys,Y2_E_over_rho,P_phys_matched_Y2,1060,0.7597,4.6226,0.9245,53,17.278,29.415
primary,history_cv,chemsys_r3,chemsys,Y1_G,P_H_fixed,1063,0.6515,4.3192,0.8519,54,9.285,26.629
primary,history_cv,chemsys_r3,chemsys,Y1_G,P_phys_fixed,1063,0.7707,4.507,0.8889,54,9.745,26.629
primary,history_cv,chemsys_r3,chemsys,Y2_E_over_rho,P_H_fixed,1063,0.5135,2.8169,0.5556,54,9.285,26.629
primary,history_cv,chemsys_r3,chemsys,Y2_E_over_rho,P_H_matched_Y2,1063,0.7243,3.9437,0.7778,54,15.007,26.629
primary,history_cv,chemsys_r3,chemsys,Y2_E_over_rho,P_phys_fixed,1063,0.557,2.3474,0.463,54,9.745,26.629
primary,history_cv,chemsys_r3,chemsys,Y2_E_over_rho,P_phys_matched_Y2,1063,0.7576,4.2254,0.8333,54,14.785,26.629
primary,history_cv,chemsys_r4,chemsys,Y1_G,P_H_fixed,1041,0.6519,3.9234,0.7736,53,10.087,26.715
primary,history_cv,chemsys_r4,chemsys,Y1_G,P_phys_fixed,1041,0.7945,4.7847,0.9434,53,11.554,26.715
primary,history_cv,chemsys_r4,chemsys,Y2_E_over_rho,P_H_fixed,1041,0.5482,3.0622,0.6038,53,10.087,26.715
primary,history_cv,chemsys_r4,chemsys,Y2_E_over_rho,P_H_matched_Y2,1041,0.6524,3.5407,0.6981,53,11.826,26.715
primary,history_cv,chemsys_r4,chemsys,Y2_E_over_rho,P_phys_fixed,1041,0.5373,2.9665,0.5849,53,11.554,26.715
primary,history_cv,chemsys_r4,chemsys,Y2_E_over_rho,P_phys_matched_Y2,1041,0.7722,4.9761,0.9811,53,16.822,26.715
primary,history_cv,chemsys_r5,chemsys,Y1_G,P_H_fixed,1036,0.6183,4.0385,0.8077,52,12.58,33.077
primary,history_cv,chemsys_r5,chemsys,Y1_G,P_phys_fixed,1036,0.7865,4.6154,0.9231,52,13.931,33.077
primary,history_cv,chemsys_r5,chemsys,Y2_E_over_rho,P_H_fixed,1036,0.5251,2.8846,0.5769,52,12.58,33.077
primary,history_cv,chemsys_r5,chemsys,Y2_E_over_rho,P_H_matched_Y2,1036,0.6765,3.9423,0.7885,52,16.883,33.077
primary,history_cv,chemsys_r5,chemsys,Y2_E_over_rho,P_phys_fixed,1036,0.5457,2.6923,0.5385,52,13.931,33.077
primary,history_cv,chemsys_r5,chemsys,Y2_E_over_rho,P_phys_matched_Y2,1036,0.7634,4.6154,0.9231,52,23.428,33.077
primary,history_cv,chemsys_r6,chemsys,Y1_G,P_H_fixed,1054,0.6814,4.2654,0.8491,53,8.947,26.562
primary,history_cv,chemsys_r6,chemsys,Y1_G,P_phys_fixed,1054,0.7906,4.7393,0.9434,53,11.249,26.562
primary,history_cv,chemsys_r6,chemsys,Y2_E_over_rho,P_H_fixed,1054,0.5532,2.9384,0.5849,53,8.947,26.562
primary,history_cv,chemsys_r6,chemsys,Y2_E_over_rho,P_H_matched_Y2,1054,0.712,3.4123,0.6792,53,10.145,26.562
primary,history_cv,chemsys_r6,chemsys,Y2_E_over_rho,P_phys_fixed,1054,0.5617,2.1801,0.434,53,11.249,26.562
primary,history_cv,chemsys_r6,chemsys,Y2_E_over_rho,P_phys_matched_Y2,1054,0.7727,4.5498,0.9057,53,16.489,26.562
primary,history_cv,chemsys_r7,chemsys,Y1_G,P_H_fixed,1103,0.6137,3.6199,0.7143,56,8.193,29.297
primary,history_cv,chemsys_r7,chemsys,Y1_G,P_phys_fixed,1103,0.7772,4.7964,0.9464,56,9.583,29.297
primary,history_cv,chemsys_r7,chemsys,Y2_E_over_rho,P_H_fixed,1103,0.4806,1.991,0.3929,56,8.193,29.297
primary,history_cv,chemsys_r7,chemsys,Y2_E_over_rho,P_H_matched_Y2,1103,0.7002,3.2579,0.6429,56,11.966,29.297
primary,history_cv,chemsys_r7,chemsys,Y2_E_over_rho,P_phys_fixed,1103,0.4985,1.5385,0.3036,56,9.583,29.297
primary,history_cv,chemsys_r7,chemsys,Y2_E_over_rho,P_phys_matched_Y2,1103,0.7808,4.9774,0.9821,56,20.328,29.297
primary,history_cv,chemsys_r8,chemsys,Y1_G,P_H_fixed,1041,0.6431,3.6364,0.717,53,8.986,25.844
primary,history_cv,chemsys_r8,chemsys,Y1_G,P_phys_fixed,1041,0.7918,4.689,0.9245,53,9.253,25.844
primary,history_cv,chemsys_r8,chemsys,Y2_E_over_rho,P_H_fixed,1041,0.5255,2.5837,0.5094,53,8.986,25.844
primary,history_cv,chemsys_r8,chemsys,Y2_E_over_rho,P_H_matched_Y2,1041,0.6587,3.3493,0.6604,53,12.348,25.844
primary,history_cv,chemsys_r8,chemsys,Y2_E_over_rho,P_phys_fixed,1041,0.5605,2.5837,0.5094,53,9.253,25.844
primary,history_cv,chemsys_r8,chemsys,Y2_E_over_rho,P_phys_matched_Y2,1041,0.7597,4.4976,0.8868,53,15.718,25.844
primary,history_cv,chemsys_r9,chemsys,Y1_G,P_H_fixed,1078,0.7033,4.4444,0.8889,54,10.223,27.252
primary,history_cv,chemsys_r9,chemsys,Y1_G,P_phys_fixed,1078,0.8008,4.8148,0.963,54,10.893,27.252
primary,history_cv,chemsys_r9,chemsys,Y2_E_over_rho,P_H_fixed,1078,0.5606,3.4259,0.6852,54,10.223,27.252
primary,history_cv,chemsys_r9,chemsys,Y2_E_over_rho,P_H_matched_Y2,1078,0.7392,4.0741,0.8148,54,15.145,27.252
primary,history_cv,chemsys_r9,chemsys,Y2_E_over_rho,P_phys_fixed,1078,0.5771,1.8519,0.3704,54,10.893,27.252
primary,history_cv,chemsys_r9,chemsys,Y2_E_over_rho,P_phys_matched_Y2,1078,0.7721,4.8148,0.963,54,21.045,27.252
