element,table,printed_page,pdf_page,modification,density_g_cm3,G_GPa,E_GPa,nu_printed,v_t_m_s,density_raw,G_raw,G_footnote,nu_implied,G_rho_vt2_GPa,check_poisson,check_sound,status,eligible,eligible_sens_no_Pm_Tc,temperature_K,temperature_status,vt_flag,provenance_note
Ac,2.1-12B(b),85,95,,10.07,,25.0,,,10.07,,,,,,,unavailable,False,False,,not_stated,,
Ag,2.1-8B(b),66,76,,10.5,29.5,80.0,0.38,1690.0,10.50,29.5,,0.3559,29.989,True,True,passes,True,True,,not_stated,,
Al,2.1-11B(b),80,90,,2.7,27.8,70.2,0.34,3130.0,2.70,27.8,,0.2626,26.452,True,True,passes,True,True,,not_stated,,
Am,2.1-26B(b),153,163,,13.6,,,,,13.60,,,,,,,unavailable,False,False,,not_stated,,
Ar,2.1-21B(b),129,139,,1.736,,1.6,,,1.736 (40 K),,,,,,,unavailable,False,False,,not_stated,,
As,2.1-15B(b),100,110,,5.72,,22.0,,,5.72,,,,,,,unavailable,False,False,,not_stated,,
At,2.1-19B(b),120,130,,,,,,,,,,,,,,unavailable,False,False,,not_stated,,
Au,2.1-8B(b),66,76,,19.3,26.0,78.0,0.42,1190.0,19.30,26.0,,0.5,27.331,True,True,passes,True,True,,not_stated,,
B,2.1-11B(b),80,90,,2.46,,178.0,,,2.46,,,,,,,unavailable,False,False,,not_stated,,
Ba,2.1-9B(b),70,80,,3.5,4.84,12.8,0.28,1160.0,3.50,4.84,,0.3223,4.71,True,True,passes,True,True,,not_stated,,
Be,2.1-9B(b),70,80,,1.85,133.0,286.0,0.12,8330.0,1.85,133,,0.0752,128.369,True,True,passes,True,True,,not_stated,,
Bh,2.1-20B(b),125,135,,,,,,,,,,,,,,unavailable,False,False,,not_stated,,
Bi,2.1-15B(b),100,110,,9.8,12.8,34.0,0.33,1140.0,9.80,12.8,,0.3281,12.736,True,True,passes,True,True,,not_stated,,
Bk,2.1-26B(b),154,164,,14.79,,,,,14.790,,,,,,,unavailable,False,False,,not_stated,,
Br,2.1-19B(b),120,130,,,,,,,,,,,,,,unavailable,False,False,,not_stated,,
C,2.1-13B(b),90,100,Diamond,3.513,,545.0,,,3.513,,,,,,,unavailable,False,False,,not_stated,,
Ca,2.1-9B(b),70,80,,1.55,7.85,19.6,0.31,2210.0,1.55,7.85 a,a: At 348 K.,0.2484,7.57,True,True,passes,True,True,348.0,stated_in_footnote,,G footnote a: 'At 348 K' (not room temperature).
Cd,2.1-10B(b),74,84,,8.65,24.5,62.3,0.3,1690.0,8.65,24.5,,0.2714,24.705,True,True,passes,True,True,,not_stated,,
Ce,2.1-25B(b),144,154,,6.78,12.1,44.1,0.25,1230.0,6.78,12.1,,0.8223,10.257,False,False,fails_both_checks,False,False,,not_stated,,Handbook footnote: elastic data concern gamma-Ce.
Cf,2.1-26B(b),154,164,,9.31,,,,,9.310,,,,,,,unavailable,False,False,,not_stated,,
Cl,2.1-19B(b),120,130,,,,,,,,,,,,,,unavailable,False,False,,not_stated,,
Cm,2.1-26B(b),153,163,,13.51,,,,,13.510,,,,,,,unavailable,False,False,,not_stated,,Table 2.1-26B(b) prints the symbol as 'Cu' (misprint).
Co,2.1-23B(b),136,146,ε-Co,8.9,77.3,204.0,0.32,3000.0,8.90,77.3,,0.3195,80.1,True,True,passes,True,True,,not_stated,,
Cr,2.1-18B(b),115,125,,7.19,71.6,145.0,0.31,3980.0,7.19,71.6,,0.0126,113.892,False,False,fails_both_checks,False,False,,not_stated,,
Cs,2.1-7B(b),61,71,,1.87,0.65,1.69,0.3,590.0,1.87,0.65,,0.3,0.651,True,True,passes,True,True,,not_stated,,
Cu,2.1-8B(b),66,76,,8.96,46.8,128.0,0.34,2300.0,8.960,46.8,,0.3675,47.398,True,True,passes,True,True,,not_stated,,
Db,2.1-16B(b),106,116,,,,,,,,,,,,,,unavailable,False,False,,not_stated,,
Dy,2.1-25B(b),145,155,,8.54,25.5,63.1,0.24,1720.0,8.54,25.5,,0.2373,25.265,True,True,passes,True,True,,not_stated,,
Er,2.1-25B(b),145,155,,9.05,29.6,73.3,0.24,1810.0,9.05,29.6,,0.2382,29.649,True,True,passes,True,True,,not_stated,,
Es,2.1-26B(b),154,164,,8.84,,,,,8.840,,,,,,,unavailable,False,False,,not_stated,,
Eu,2.1-25B(b),144,154,,5.26,7.8,18.2,0.17,,5.26,7.8,,0.1667,,True,,passes,True,True,,not_stated,,
F,2.1-19B(b),120,130,,,,,,,,,,,,,,unavailable,False,False,,not_stated,,
Fe,2.1-22B(b),132,142,,7.86,80.4,211.0,0.29,3220.0,7.86,80.4,,0.3122,81.496,True,True,passes,True,True,,not_stated,,
Fm,2.1-26B(b),154,164,,,,,,,,,,,,,,unavailable,False,False,,not_stated,,
Fr,2.1-7B(b),61,71,,2.41,,,,,2.410,,,,,,,unavailable,False,False,,not_stated,,
Ga,2.1-11B(b),80,90,,5.91,6.67,9.81,0.47,750.0,5.91,6.67,,-0.2646,3.324,False,False,fails_both_checks,False,False,,not_stated,,
Gd,2.1-25B(b),144,154,,7.89,22.4,56.3,0.26,1680.0,7.89,22.4,,0.2567,22.269,True,True,passes,True,True,,not_stated,,
Ge,2.1-13B(b),90,100,,5.32,29.6,79.9,0.34,2420.0,5.32,29.6,,0.3497,31.156,True,True,passes,True,True,,not_stated,,
H,2.1-6B(b),56,66,,,,0.2,,,,,,,,,,unavailable,False,False,,not_stated,,
He,2.1-6B(b),56,66,,,,0.1,,,,,,,,,,unavailable,False,False,,not_stated,,
Hf,2.1-14B(b),95,105,,13.1,53.0,138.0,0.29,2000.0,13.10,53.0,,0.3019,52.4,True,True,passes,True,True,,not_stated,,
Hg,2.1-10B(b),74,84,,,,25.0,,,,,,,,,,unavailable,False,False,,not_stated,,Liquid at room temperature; no solid density or G tabulated.
Ho,2.1-25B(b),145,155,,8.8,26.7,67.1,0.26,1740.0,8.80,26.7,,0.2566,26.643,True,True,passes,True,True,,not_stated,,
Hs,2.1-22B(b),132,142,,,,,,,,,,,,,,unavailable,False,False,,not_stated,,
I,2.1-19B(b),120,130,,4.92,,,,,4.92,,,,,,,unavailable,False,False,,not_stated,,
In,2.1-11B(b),80,90,,7.31,3.68,10.6,0.45,710.0,7.31,3.68,,0.4402,3.685,True,True,passes,True,True,,not_stated,,
Ir,2.1-23B(b),136,146,,22.5,209.0,528.0,0.26,3050.0,22.50,209,,0.2632,209.306,True,True,passes,True,True,,not_stated,,
K,2.1-7B(b),61,71,,0.862,1.28,3.52,0.35,1230.0,0.862,1.28,,0.375,1.304,True,True,passes,True,True,,not_stated,,
Kr,2.1-21B(b),129,139,,,,1.8,,,,,,,,,,unavailable,False,False,,not_stated,,
La,2.1-12B(b),85,95,,6.7,14.9,39.2,0.28,1540.0,6.70,14.9,,0.3154,15.89,True,True,passes,True,True,,not_stated,,
Li,2.1-7B(b),61,71,,0.532,4.24,11.5,0.36,2820.0,0.532,4.24,,0.3561,4.231,True,True,passes,True,True,,not_stated,,
Lr,2.1-26B(b),154,164,,,,,,,,,,,,,,unavailable,False,False,,not_stated,,
Lu,2.1-25B(b),145,155,,9.84,27.1,68.4,0.27,,9.840,27.1,,0.262,,True,,passes,True,True,,not_stated,,
Md,2.1-26B(b),154,164,,,,,,,,,,,,,,unavailable,False,False,,not_stated,,
Mg,2.1-9B(b),70,80,,1.74,16.9,44.4,0.28,3170.0,1.74,16.9,,0.3136,17.485,True,True,passes,True,True,,not_stated,,
Mn,2.1-20B(b),125,135,,7.47,79.4,196.0,0.24,3280.0,7.470,79.4,,0.2343,80.365,True,True,passes,True,True,,not_stated,,
Mo,2.1-18B(b),115,125,,10.22,123.0,330.0,0.31,3350.0,10.220,123,,0.3415,114.694,True,True,passes,True,True,,not_stated,,
Mt,2.1-23B(b),136,146,,,,,,,,,,,,,,unavailable,False,False,,not_stated,,
N,2.1-15B(b),100,110,,,,1.2,,,,,,,,,,unavailable,False,False,,not_stated,,
Na,2.1-7B(b),61,71,,0.97,2.94,6.8,0.34,1620.0,0.970,2.94,,0.1565,2.546,False,True,passes,True,True,,not_stated,,
Nb,2.1-16B(b),106,116,,8.35,59.5,104.0,0.38,2100.0,8.35,59.5,,-0.1261,36.824,False,False,fails_both_checks,False,False,,not_stated,,
Nd,2.1-25B(b),144,154,,7.0,14.3,37.9,0.31,1440.0,7.00,14.3,,0.3252,14.515,True,True,passes,True,True,,not_stated,,
Ne,2.1-21B(b),129,139,,,,1.0,,,,,,,,,,unavailable,False,False,,not_stated,,
Ni,2.1-24B(b),140,150,,8.9,78.5,220.0,0.31,3080.0,8.90,78.5,,0.4013,84.429,True,True,passes,True,True,,not_stated,,
No,2.1-26B(b),154,164,,,,,,,,,,,,,,unavailable,False,False,,not_stated,,
Np,2.1-26B(b),153,163,,20.4,,68.0,,,20.40,,,,,,,unavailable,False,False,,not_stated,,
O,2.1-17B(b),110,120,,,,,,,,,,,,,,unavailable,False,False,,not_stated,,
Os,2.1-22B(b),132,142,,22.4,223.0,559.0,0.25,3340.0,22.4,223,,0.2534,249.885,True,True,passes,True,True,,not_stated,,
P,2.1-15B(b),100,110,,2.69,,30.4,,,2.690,,,,,,,unavailable,False,False,,not_stated,,
Pa,2.1-26B(b),153,163,,15.4,,76.0,,,15.40,,,,,,,unavailable,False,False,,not_stated,,
Pb,2.1-13B(b),90,100,,11.4,5.54,15.8,0.44,710.0,11.4,5.54,,0.426,5.747,True,True,passes,True,True,,not_stated,,
Pd,2.1-24B(b),140,150,,12.0,43.5,121.0,0.39,1900.0,12.00,43.5,,0.3908,43.32,True,True,passes,True,True,,not_stated,,
Pm,2.1-25B(b),144,154,,6.48,18.0,46.0,0.28,,6.48,18,,0.2778,,True,,passes,True,False,,not_stated,,No sound velocities or elastic constants tabulated; round values; no stable isotope. Provenance of G unclear.
Po,2.1-17B(b),110,120,,9.4,,26.0,,,9.40,,,,,,,unavailable,False,False,,not_stated,,
Pr,2.1-25B(b),144,154,,6.77,13.2,35.2,0.31,1410.0,6.77,13.2,,0.3333,13.459,True,True,passes,True,True,,not_stated,,
Pt,2.1-24B(b),140,150,,21.4,60.9,170.0,0.39,1690.0,21.40,60.9,,0.3957,61.121,True,True,passes,True,True,,not_stated,,
Pu,2.1-26B(b),153,163,α-Pu,19.8,45.0,92.7,0.18,,19.80,45,,0.03,,False,,fails_only_computable_check,False,False,,not_stated,,
Ra,2.1-9B(b),70,80,,5.0,,13.2,,,5.000,,,,,,,unavailable,False,False,,not_stated,,
Rb,2.1-7B(b),61,71,,1.532,0.91,2.35,0.29,770.0,1.532,0.91,,0.2912,0.908,True,True,passes,True,True,,not_stated,,
Re,2.1-20B(b),125,135,,21.0,180.0,520.0,0.26,2930.0,21.00,180,,0.4444,180.283,False,True,passes,True,True,,not_stated,,Printed E inconsistent with nu; G agrees with rho*v_t^2.
Rf,2.1-14B(b),95,105,,,,,,,,,,,,,,unavailable,False,False,,not_stated,,
Rh,2.1-23B(b),136,146,,12.4,149.0,379.0,0.27,3470.0,12.40,149,,0.2718,149.307,True,True,passes,True,True,,not_stated,,
Rn,2.1-21B(b),129,139,,,,,,,,,,,,,,unavailable,False,False,,not_stated,,
Ru,2.1-22B(b),132,142,,12.2,173.0,432.0,0.25,3740.0,12.20,173,,0.2486,170.649,True,True,passes,True,True,,not_stated,,
S,2.1-17B(b),110,120,,2.037,,17.8,,,2.037,,,,,,,unavailable,False,False,,not_stated,,
Sb,2.1-15B(b),100,110,,6.68,20.6,54.4,0.25,1800.0,6.68,20.6,,0.3204,21.643,True,True,passes,True,True,,not_stated,,
Sc,2.1-12B(b),85,95,,2.989,29.7,75.2,0.28,,2.989,29.7,,0.266,,True,,passes,True,True,,not_stated,,
Se,2.1-17B(b),110,120,,4.79,6.46,58.0,0.45,,4.79,6.46,,3.4892,,False,,fails_only_computable_check,False,False,,not_stated,,
Sg,2.1-18B(b),115,125,,,,,,,,,,,,,,unavailable,False,False,,not_stated,,
Si,2.1-13B(b),90,100,Graphite,2.266,80.5,112.0,,5845.0,2.266,80.5,,-0.3043,77.416,,True,passes,True,True,,not_stated,,
Sm,2.1-25B(b),144,154,,7.54,12.7,53.9,0.35,1290.0,7.54,12.7,,1.122,12.547,False,True,passes,True,True,,not_stated,,Printed E inconsistent with G and nu; G agrees with rho*v_t^2.
Sn,2.1-13B(b),90,100,β-Sn (white),7.3,19.9,52.9,0.33,1650.0,7.30,19.9,,0.3291,19.874,True,True,passes,True,True,,not_stated,,
Sr,2.1-9B(b),70,80,,2.6,6.03,15.7,0.28,1520.0,2.60,6.03,,0.3018,6.007,True,True,passes,True,True,,not_stated,,
Ta,2.1-16B(b),106,116,,16.6,64.7,185.0,0.35,2900.0,16.60,64.7,,0.4297,139.606,True,False,passes,True,True,,not_stated,inconsistent_with_G,Printed v_t inconsistent with G (rho*v_t^2 ~ 140 GPa); G agrees with E and nu.
Tb,2.1-25B(b),145,155,,8.27,22.8,57.5,0.26,1060.0,8.27,22.8,,0.261,9.292,True,False,passes,True,True,,not_stated,inconsistent_with_G,Printed v_t inconsistent with G; G agrees with E and nu.
Tc,2.1-20B(b),125,135,,11.5,162.0,407.0,0.26,50.6,11.50,162,,0.2562,0.029,True,False,passes,True,False,,not_stated,misprint,Printed v_t = 50.6 m/s is a misprint (Tc is a stiff hcp metal); printed E (407 GPa) is identical to W's E.
Te,2.1-17B(b),110,120,,6.24,16.7,47.1,0.23,,6.24,16.7,,0.4102,,False,,fails_only_computable_check,False,False,,not_stated,,
Th,2.1-26B(b),153,163,,11.7,30.8,78.3,0.26,1630.0,11.70,30.8,,0.2711,31.086,True,True,passes,True,True,,not_stated,,
Ti,2.1-14B(b),95,105,,4.5,37.3,102.0,0.35,2920.0,4.50,37.3,,0.3673,38.369,True,True,passes,True,True,,not_stated,,
Tl,2.1-11B(b),80,90,,11.85,2.67,7.89,0.45,480.0,11.85,2.67,,0.4775,2.73,True,True,passes,True,True,,not_stated,,
Tm,2.1-25B(b),145,155,,9.33,30.4,74.0,0.27,,9.33,30.4,,0.2171,,True,,passes,True,True,,not_stated,,
U,2.1-26B(b),153,163,,18.9,70.6,177.0,0.25,1940.0,18.90,70.6,,0.2535,71.132,True,True,passes,True,True,,not_stated,,
V,2.1-16B(b),106,116,,5.8,46.6,127.0,0.36,2780.0,5.80,46.6,,0.3627,44.825,True,True,passes,True,True,,not_stated,,
W,2.1-18B(b),115,125,,19.3,152.0,407.0,0.28,2870.0,19.30,152,,0.3388,158.972,True,True,passes,True,True,,not_stated,,
Xe,2.1-21B(b),129,139,,,,,,,,,,,,,,unavailable,False,False,,not_stated,,
Y,2.1-12B(b),85,95,,4.5,25.5,66.3,0.27,2420.0,4.50,25.5,,0.3,26.354,True,True,passes,True,True,,not_stated,,
Yb,2.1-25B(b),145,155,,6.98,7.16,18.4,0.28,1000.0,6.98,7.16,,0.2849,6.98,True,True,passes,True,True,,not_stated,,
Zn,2.1-10B(b),74,84,,7.14,34.3,92.7,0.29,2290.0,7.14,34.3,,0.3513,37.443,True,True,passes,True,True,,not_stated,,
Zr,2.1-14B(b),95,105,,6.49,24.8,68.0,0.37,1950.0,6.49,24.8,,0.371,24.678,True,True,passes,True,True,,not_stated,,
