split,objective,config,seed,N5,T99,rho_end
random_r0,Y1,iso140,0,18,4,0.4263
random_r0,Y2,iso140,0,21,11,0.6797
random_r1,Y1,iso140,0,8,36,0.3355
random_r1,Y2,iso140,0,24,1,0.3014
chemsys_r0,Y1,iso140,0,17,5,-0.1281
chemsys_r0,Y2,iso140,0,17,2,0.4802
chemsys_r1,Y1,iso140,0,18,9,0.2999
chemsys_r1,Y2,iso140,0,11,25,0.7505
random_r0,Y1,iso140,1,6,41,-0.0336
random_r0,Y2,iso140,1,18,14,0.712
random_r1,Y1,iso140,1,15,6,0.4707
random_r1,Y2,iso140,1,7,37,0.5345
chemsys_r0,Y1,iso140,1,10,41,0.1963
chemsys_r0,Y2,iso140,1,19,6,0.5084
chemsys_r1,Y1,iso140,1,13,8,0.1638
chemsys_r1,Y2,iso140,1,14,10,0.6888
random_r0,Y1,iso140,2,6,41,0.0426
random_r0,Y2,iso140,2,14,3,0.5921
random_r1,Y1,iso140,2,10,17,0.3571
random_r1,Y2,iso140,2,13,22,0.3786
chemsys_r0,Y1,iso140,2,12,7,0.3611
chemsys_r0,Y2,iso140,2,15,18,0.6289
chemsys_r1,Y1,iso140,2,16,1,0.4013
chemsys_r1,Y2,iso140,2,18,31,0.6084
random_r0,Y1,iso140,3,12,4,0.5998
random_r0,Y2,iso140,3,11,8,0.702
random_r1,Y1,iso140,3,15,11,0.6125
random_r1,Y2,iso140,3,22,7,0.2271
chemsys_r0,Y1,iso140,3,10,6,0.555
chemsys_r0,Y2,iso140,3,16,8,0.6377
chemsys_r1,Y1,iso140,3,13,25,0.2238
chemsys_r1,Y2,iso140,3,23,8,0.6564
random_r0,Y1,iso140,4,13,5,0.5478
random_r0,Y2,iso140,4,12,10,0.6851
random_r1,Y1,iso140,4,7,40,0.0812
random_r1,Y2,iso140,4,22,1,0.1057
chemsys_r0,Y1,iso140,4,10,17,0.0691
chemsys_r0,Y2,iso140,4,16,2,0.6456
chemsys_r1,Y1,iso140,4,15,4,0.6026
chemsys_r1,Y2,iso140,4,9,17,0.7752
random_r0,Y1,pca10,0,12,3,0.1904
random_r0,Y2,pca10,0,9,13,0.6476
random_r1,Y1,pca10,0,13,6,0.2403
random_r1,Y2,pca10,0,17,4,0.3399
chemsys_r0,Y1,pca10,0,13,21,0.0461
chemsys_r0,Y2,pca10,0,15,3,0.1464
chemsys_r1,Y1,pca10,0,5,32,0.458
chemsys_r1,Y2,pca10,0,17,18,0.0559
random_r0,Y1,pca10,1,6,14,0.538
random_r0,Y2,pca10,1,9,31,0.4647
random_r1,Y1,pca10,1,5,17,0.2904
random_r1,Y2,pca10,1,15,9,0.5704
chemsys_r0,Y1,pca10,1,8,34,0.0099
chemsys_r0,Y2,pca10,1,17,2,-0.0056
chemsys_r1,Y1,pca10,1,13,25,0.1258
chemsys_r1,Y2,pca10,1,17,5,0.6056
random_r0,Y1,pca10,2,12,37,0.4296
random_r0,Y2,pca10,2,9,1,0.6307
random_r1,Y1,pca10,2,16,3,0.3123
random_r1,Y2,pca10,2,3,37,0.3324
chemsys_r0,Y1,pca10,2,9,1,0.0295
chemsys_r0,Y2,pca10,2,3,41,0.2311
chemsys_r1,Y1,pca10,2,12,10,0.4792
chemsys_r1,Y2,pca10,2,11,37,0.2507
random_r0,Y1,pca10,3,12,13,0.4099
random_r0,Y2,pca10,3,12,21,0.3374
random_r1,Y1,pca10,3,10,41,0.5311
random_r1,Y2,pca10,3,13,6,0.4083
chemsys_r0,Y1,pca10,3,4,26,0.3744
chemsys_r1,Y1,pca10,3,13,3,0.3009
chemsys_r0,Y2,pca10,3,11,2,0.6612
random_r0,Y1,pca10,4,11,2,0.2301
chemsys_r1,Y2,pca10,3,7,5,0.6187
random_r0,Y2,pca10,4,8,18,0.5475
random_r1,Y1,pca10,4,6,41,0.3972
chemsys_r0,Y1,pca10,4,13,30,0.1217
random_r1,Y2,pca10,4,12,5,0.3574
chemsys_r0,Y2,pca10,4,13,11,0.0662
chemsys_r1,Y1,pca10,4,10,1,0.6191
chemsys_r1,Y2,pca10,4,16,10,0.0329
random_r0,Y1,pca20,0,14,7,0.3532
random_r0,Y2,pca20,0,7,36,0.5779
random_r1,Y1,pca20,0,6,2,0.021
random_r1,Y2,pca20,0,15,1,0.6784
chemsys_r0,Y1,pca20,0,8,8,0.1498
chemsys_r0,Y2,pca20,0,14,7,0.5078
chemsys_r1,Y1,pca20,0,11,21,0.139
chemsys_r1,Y2,pca20,0,11,25,0.0136
random_r0,Y1,pca20,1,12,29,0.5534
random_r0,Y2,pca20,1,12,12,0.362
random_r1,Y1,pca20,1,9,2,0.5417
random_r1,Y2,pca20,1,15,14,0.5086
chemsys_r0,Y1,pca20,1,5,41,0.0002
chemsys_r0,Y2,pca20,1,9,18,0.4453
chemsys_r1,Y1,pca20,1,12,21,0.393
chemsys_r1,Y2,pca20,1,18,8,0.5488
random_r0,Y1,pca20,2,13,34,0.4202
random_r0,Y2,pca20,2,10,5,0.4499
random_r1,Y1,pca20,2,8,14,0.1612
random_r1,Y2,pca20,2,9,6,0.273
chemsys_r0,Y1,pca20,2,11,25,-0.1291
chemsys_r0,Y2,pca20,2,0,41,0.1667
chemsys_r1,Y1,pca20,2,13,2,0.1974
chemsys_r1,Y2,pca20,2,8,15,0.6526
random_r0,Y1,pca20,3,7,31,0.2481
random_r0,Y2,pca20,3,12,37,0.5707
random_r1,Y1,pca20,3,4,41,0.0562
chemsys_r0,Y1,pca20,3,13,6,0.2301
chemsys_r0,Y2,pca20,3,9,4,0.43
random_r1,Y2,pca20,3,15,29,0.5135
chemsys_r1,Y2,pca20,3,6,6,0.6286
chemsys_r1,Y1,pca20,3,14,12,0.0106
random_r0,Y1,pca20,4,11,11,0.0642
random_r0,Y2,pca20,4,10,5,0.5087
random_r1,Y1,pca20,4,7,13,0.2244
random_r1,Y2,pca20,4,14,1,0.2899
chemsys_r0,Y1,pca20,4,3,40,0.1819
chemsys_r1,Y1,pca20,4,16,10,0.3333
chemsys_r0,Y2,pca20,4,12,21,0.4658
chemsys_r1,Y2,pca20,4,13,5,0.5147
random_r0,Y1,ard140,0,10,19,-0.0438
random_r0,Y2,ard140,0,15,8,0.0135
random_r1,Y2,ard140,0,15,1,0.3089
random_r1,Y1,ard140,0,7,41,0.5047
chemsys_r0,Y2,ard140,0,9,5,0.1356
chemsys_r0,Y1,ard140,0,7,15,0.1338
chemsys_r1,Y1,ard140,0,4,41,0.126
chemsys_r1,Y2,ard140,0,3,14,0.4231
random_r0,Y1,ard140,1,9,28,0.2447
random_r0,Y2,ard140,1,12,31,0.1462
random_r1,Y2,ard140,1,12,16,0.5497
random_r1,Y1,ard140,1,7,38,0.3742
chemsys_r0,Y1,ard140,1,8,8,0.1628
chemsys_r0,Y2,ard140,1,10,19,0.3043
chemsys_r1,Y2,ard140,1,1,41,-0.1523
chemsys_r1,Y1,ard140,1,6,12,0.3329
random_r0,Y1,ard140,2,4,39,0.3261
random_r0,Y2,ard140,2,10,19,0.6499
random_r1,Y1,ard140,2,5,19,-0.0711
random_r1,Y2,ard140,2,11,14,0.4517
chemsys_r0,Y2,ard140,2,0,41,0.1101
chemsys_r0,Y1,ard140,2,6,10,0.445
chemsys_r1,Y1,ard140,2,10,2,0.2582
chemsys_r1,Y2,ard140,2,12,34,0.0898
random_r0,Y1,ard140,3,9,15,-0.0649
random_r0,Y2,ard140,3,11,29,0.1847
random_r1,Y2,ard140,3,7,41,-0.1266
random_r1,Y1,ard140,3,9,20,0.0612
chemsys_r0,Y1,ard140,3,10,14,0.4166
chemsys_r0,Y2,ard140,3,5,6,0.1514
chemsys_r1,Y1,ard140,3,5,41,0.4929
chemsys_r1,Y2,ard140,3,10,8,0.4475
random_r0,Y1,ard140,4,14,8,0.1324
random_r0,Y2,ard140,4,14,5,0.298
random_r1,Y1,ard140,4,10,36,0.0135
random_r1,Y2,ard140,4,14,8,0.0949
chemsys_r0,Y1,ard140,4,8,39,-0.0552
chemsys_r0,Y2,ard140,4,14,3,0.3807
chemsys_r1,Y1,ard140,4,9,10,0.2018
chemsys_r1,Y2,ard140,4,6,27,0.0783
