universe,cell,beta,acquisitions,efficiency_outcome,gain,gain_lo,gain_hi,L,L_lo,L_hi
primary,Y1:P_H_fixed,0.02,10,T99,0.3,-0.4145655384,1.014565538,0.01305780838,0.005429923442,0.02068569331
primary,Y1:P_H_fixed,0.05,10,T99,0.8833333333,0.07878178389,1.687884883,0.01819632959,0.01123860835,0.02515405084
primary,Y1:P_H_fixed,0.1,10,T99,1.2,0.2576979226,2.142302077,0.0218877724,0.01330551499,0.03047002982
primary,Y1:P_H_fixed,0.25,10,T99,1.466666667,0.5012675577,2.432065776,0.02617247285,0.0166260773,0.0357188684
primary,Y1:P_H_fixed,0.5,10,T99,1.7,0.8204433919,2.579556608,0.02724774167,0.01781079042,0.03668469291
primary,Y1:P_H_fixed,0.75,10,T99,2.25,1.220702064,3.279297936,0.02724774167,0.01781079042,0.03668469291
primary,Y1:P_H_fixed,1,10,T99,0.2833333333,-1.608672664,2.175339331,0.02724774167,0.01781079042,0.03668469291
primary,Y1:P_H_fixed,0.02,20,T99,0,-1.650528113,1.650528113,0.01698311315,0.00500577733,0.02896044897
primary,Y1:P_H_fixed,0.05,20,T99,1.583333333,-0.1019281793,3.268594846,0.02843241202,0.01461432799,0.04225049605
primary,Y1:P_H_fixed,0.1,20,T99,2.266666667,0.5305882439,4.002745089,0.03325075974,0.01980242039,0.04669909909
primary,Y1:P_H_fixed,0.25,20,T99,3.333333333,1.437334365,5.229332301,0.04688997145,0.03055393918,0.06322600372
primary,Y1:P_H_fixed,0.5,20,T99,4.116666667,2.350350899,5.882982434,0.06048994786,0.04255333163,0.07842656409
primary,Y1:P_H_fixed,0.75,20,T99,5.183333333,3.170055853,7.196610814,0.06796163916,0.04958017933,0.08634309899
primary,Y1:P_H_fixed,1,20,T99,-0.15,-4.246829745,3.946829745,0.0692971913,0.0509530224,0.08764136021
primary,Y1:P_H_fixed,0.02,30,T99,-0.03333333333,-2.519880105,2.453213438,0.01111165104,-0.005016359796,0.02723966187
primary,Y1:P_H_fixed,0.05,30,T99,1.966666667,-0.3746758083,4.308009142,0.01407651401,-0.004111795141,0.03226482316
primary,Y1:P_H_fixed,0.1,30,T99,3.966666667,1.722053809,6.211279524,0.01724256363,0.001373956557,0.03311117071
primary,Y1:P_H_fixed,0.25,30,T99,5.566666667,3.406324996,7.727008338,0.03959663255,0.02142674051,0.05776652458
primary,Y1:P_H_fixed,0.5,30,T99,6.65,4.225355654,9.074644346,0.06846073121,0.0479328912,0.08898857123
primary,Y1:P_H_fixed,0.75,30,T99,7.65,5.030426504,10.2695735,0.09882247327,0.07604551316,0.1215994334
primary,Y1:P_H_fixed,1,30,T99,0.5166666667,-4.939578336,5.972911669,0.1124214901,0.08943712302,0.1354058571
primary,Y1:P_phys_fixed,0.02,10,T99,0.9,0.1547553302,1.64524467,-0.005328987613,-0.009821582435,-0.0008363927903
primary,Y1:P_phys_fixed,0.05,10,T99,1.483333333,0.8690140657,2.097652601,-0.004261979433,-0.01060324875,0.002079289886
primary,Y1:P_phys_fixed,0.1,10,T99,2.816666667,1.945722776,3.687610557,-0.0002681238266,-0.006821433893,0.00628518624
primary,Y1:P_phys_fixed,0.25,10,T99,4.85,3.805687182,5.894312818,0.008031780482,0.003154354667,0.0129092063
primary,Y1:P_phys_fixed,0.5,10,T99,5.65,4.599074354,6.700925646,0.01602802558,0.011404351,0.02065170015
primary,Y1:P_phys_fixed,0.75,10,T99,6.133333333,5.142661676,7.12400499,0.01709902745,0.01257148191,0.021626573
primary,Y1:P_phys_fixed,1,10,T99,7.383333333,6.302066159,8.464600508,0.01736357772,0.0126507051,0.02207645034
primary,Y1:P_phys_fixed,0.02,20,T99,1.883333333,0.2901806831,3.476485984,-0.007492339619,-0.01718660277,0.002201923534
primary,Y1:P_phys_fixed,0.05,20,T99,4.1,2.611234641,5.588765359,-0.004544171046,-0.01429500133,0.005206659237
primary,Y1:P_phys_fixed,0.1,20,T99,6.216666667,4.638058527,7.795274806,0.003964666853,-0.007123761661,0.01505309537
primary,Y1:P_phys_fixed,0.25,20,T99,9.25,7.061662416,11.43833758,0.01921500943,0.01267962936,0.02575038951
primary,Y1:P_phys_fixed,0.5,20,T99,10.05,7.911269126,12.18873087,0.02958777996,0.01999871178,0.03917684813
primary,Y1:P_phys_fixed,0.75,20,T99,10.63333333,8.516090411,12.75057626,0.03388102784,0.02497030413,0.04279175154
primary,Y1:P_phys_fixed,1,20,T99,11.88333333,9.528287532,14.23837913,0.03469217309,0.02585316566,0.04353118052
primary,Y1:P_phys_fixed,0.02,30,T99,2.833333333,0.3548331596,5.311833507,-0.01338210979,-0.0248758815,-0.001888338077
primary,Y1:P_phys_fixed,0.05,30,T99,6.15,3.914380448,8.385619552,-0.008531019428,-0.02084815186,0.003786113
primary,Y1:P_phys_fixed,0.1,30,T99,8.666666667,6.044538583,11.28879475,-0.004277160296,-0.01583864511,0.00728432452
primary,Y1:P_phys_fixed,0.25,30,T99,11.96666667,8.832416043,15.10091729,0.006134585838,-0.003484190697,0.01575336237
primary,Y1:P_phys_fixed,0.5,30,T99,12.76666667,9.690064602,15.84326873,0.02108664266,0.01038644031,0.03178684501
primary,Y1:P_phys_fixed,0.75,30,T99,13.35,10.27116984,16.42883016,0.03682878983,0.02476943599,0.04888814367
primary,Y1:P_phys_fixed,1,30,T99,14.6,11.25490628,17.94509372,0.04882455078,0.03701462772,0.06063447385
primary,Y2:P_H_fixed,0.02,10,T99,0.6333333333,-0.2032441782,1.469910845,0.02222926748,0.01336566325,0.03109287172
primary,Y2:P_H_fixed,0.05,10,T99,0.8333333333,-0.178355597,1.845022264,0.03211191964,0.02242389175,0.04179994754
primary,Y2:P_H_fixed,0.1,10,T99,0.7833333333,-0.5865086485,2.153175315,0.03748896323,0.02544106398,0.04953686247
primary,Y2:P_H_fixed,0.25,10,T99,0.2666666667,-1.098277039,1.631610373,0.04147455164,0.02940040821,0.05354869506
primary,Y2:P_H_fixed,0.5,10,T99,0.2333333333,-1.26465539,1.731322057,0.0428015699,0.03073524246,0.05486789734
primary,Y2:P_H_fixed,0.75,10,T99,0.35,-1.209408225,1.909408225,0.0428015699,0.03073524246,0.05486789734
primary,Y2:P_H_fixed,1,10,T99,-2.266666667,-3.757950182,-0.7753831511,0.0428015699,0.03073524246,0.05486789734
primary,Y2:P_H_fixed,0.02,20,T99,1.4,0.1663163943,2.633683606,0.02057782846,0.009719256056,0.03143640086
primary,Y2:P_H_fixed,0.05,20,T99,1.416666667,-0.5828104645,3.416143798,0.03262289224,0.01400702211,0.05123876236
primary,Y2:P_H_fixed,0.1,20,T99,1.633333333,-0.9372816454,4.203948312,0.05076343247,0.03089432655,0.07063253838
primary,Y2:P_H_fixed,0.25,20,T99,0.9666666667,-1.470057717,3.403391051,0.07346107091,0.05605981576,0.09086232605
primary,Y2:P_H_fixed,0.5,20,T99,1.4,-1.143176475,3.943176475,0.0862380482,0.06826149678,0.1042145996
primary,Y2:P_H_fixed,0.75,20,T99,1.633333333,-0.9631153097,4.229781976,0.0899630866,0.07289729993,0.1070288733
primary,Y2:P_H_fixed,1,20,T99,-5.4,-8.559297854,-2.240702146,0.0899630866,0.07289729993,0.1070288733
primary,Y2:P_H_fixed,0.02,30,T99,1.466666667,-0.01827727816,2.951610611,0.02032165906,0.00690592495,0.03373739316
primary,Y2:P_H_fixed,0.05,30,T99,1.783333333,-0.7678751543,4.334541821,0.02699794645,0.00595365037,0.04804224253
primary,Y2:P_H_fixed,0.1,30,T99,2.033333333,-1.194827651,5.261494318,0.03770921776,0.01276824026,0.06265019526
primary,Y2:P_H_fixed,0.25,30,T99,1.833333333,-1.072647017,4.739313684,0.06493460609,0.04118448682,0.08868472535
primary,Y2:P_H_fixed,0.5,30,T99,2.783333333,-0.2879135528,5.854580219,0.09313847015,0.06780252782,0.1184744125
primary,Y2:P_H_fixed,0.75,30,T99,2.933333333,-0.1849605372,6.051627204,0.1190363331,0.09675358402,0.1413190821
primary,Y2:P_H_fixed,1,30,T99,-8.566666667,-13.24002936,-3.893303978,0.1259574493,0.1053386355,0.1465762631
primary,Y2:P_H_matched_Y2,0.02,10,T99,0.95,0.2887566331,1.611243367,0.0157426731,0.009818775366,0.02166657084
primary,Y2:P_H_matched_Y2,0.05,10,T99,1.066666667,0.09692242683,2.036410907,0.02293302618,0.01640057892,0.02946547345
primary,Y2:P_H_matched_Y2,0.1,10,T99,0.95,-0.1710141409,2.071014141,0.03203964835,0.02399701926,0.04008227744
primary,Y2:P_H_matched_Y2,0.25,10,T99,0.3833333333,-1.030287558,1.796954225,0.03871768886,0.02987442101,0.04756095672
primary,Y2:P_H_matched_Y2,0.5,10,T99,0.7666666667,-0.7500350551,2.283368388,0.04004057353,0.03110763589,0.04897351117
primary,Y2:P_H_matched_Y2,0.75,10,T99,0.7166666667,-0.7753506485,2.208683982,0.04030939073,0.03142168958,0.04919709188
primary,Y2:P_H_matched_Y2,1,10,T99,-1.183333333,-2.678104762,0.3114380958,0.04030939073,0.03142168958,0.04919709188
primary,Y2:P_H_matched_Y2,0.02,20,T99,2.05,0.7114472138,3.388552786,0.007169971446,-0.0001291762744,0.01446911917
primary,Y2:P_H_matched_Y2,0.05,20,T99,2,0.2128274402,3.78717256,0.02152091614,0.007775337444,0.03526649483
primary,Y2:P_H_matched_Y2,0.1,20,T99,1.833333333,-0.3624008166,4.029067483,0.04268691557,0.02698281537,0.05839101577
primary,Y2:P_H_matched_Y2,0.25,20,T99,0.7333333333,-1.981861707,3.448528374,0.06183830082,0.04795543655,0.0757211651
primary,Y2:P_H_matched_Y2,0.5,20,T99,1.616666667,-1.006867461,4.240200795,0.07226738795,0.05648008375,0.08805469215
primary,Y2:P_H_matched_Y2,0.75,20,T99,1.916666667,-0.7562608704,4.589594204,0.08184736064,0.06771673424,0.09597798703
primary,Y2:P_H_matched_Y2,1,20,T99,-1.416666667,-4.805510689,1.972177356,0.08716396756,0.07446015791,0.09986777722
primary,Y2:P_H_matched_Y2,0.02,30,T99,2.333333333,0.3026429707,4.364023696,0.008453887497,-0.005491900925,0.02239967592
primary,Y2:P_H_matched_Y2,0.05,30,T99,2.1,-0.1734033206,4.373403321,0.01559383735,-0.006285112699,0.0374727874
primary,Y2:P_H_matched_Y2,0.1,30,T99,2.216666667,-0.700758956,5.134092289,0.03243642784,0.006324299906,0.05854855578
primary,Y2:P_H_matched_Y2,0.25,30,T99,1.383333333,-1.842123099,4.608789765,0.05480964552,0.03062195014,0.07899734091
primary,Y2:P_H_matched_Y2,0.5,30,T99,2.633333333,-0.3370458259,5.603712493,0.07780278921,0.05146810644,0.104137472
primary,Y2:P_H_matched_Y2,0.75,30,T99,2.966666667,-0.1741386415,6.107471975,0.1028553849,0.0764598694,0.1292509005
primary,Y2:P_H_matched_Y2,1,30,T99,-2.533333333,-7.728366682,2.661700015,0.1305405426,0.1109315368,0.1501495483
primary,Y2:P_phys_fixed,0.02,10,T99,0.7333333333,-0.1391515594,1.605818226,0.02952658041,0.01542590322,0.0436272576
primary,Y2:P_phys_fixed,0.05,10,T99,0.8833333333,-0.201701689,1.968368356,0.03995594079,0.02474164676,0.05517023481
primary,Y2:P_phys_fixed,0.1,10,T99,1.016666667,-0.0154469543,2.048780288,0.04718427662,0.03158573056,0.06278282269
primary,Y2:P_phys_fixed,0.25,10,T99,1.983333333,1.164694896,2.801971771,0.04933068722,0.03335830493,0.06530306951
primary,Y2:P_phys_fixed,0.5,10,T99,2.55,1.73266697,3.36733303,0.04933068722,0.03335830493,0.06530306951
primary,Y2:P_phys_fixed,0.75,10,T99,1.316666667,0.175698216,2.457635117,0.04933068722,0.03335830493,0.06530306951
primary,Y2:P_phys_fixed,1,10,T99,-4.366666667,-5.338112425,-3.395220909,0.04933068722,0.03335830493,0.06530306951
primary,Y2:P_phys_fixed,0.02,20,T99,1.116666667,-0.6435427059,2.876876039,0.04530670291,0.02426008755,0.06635331827
primary,Y2:P_phys_fixed,0.05,20,T99,1.25,-0.8615855051,3.361585505,0.05844088994,0.03568643629,0.0811953436
primary,Y2:P_phys_fixed,0.1,20,T99,1.9,-0.1787471695,3.978747169,0.07390509933,0.05014292171,0.09766727694
primary,Y2:P_phys_fixed,0.25,20,T99,3.466666667,1.971949796,4.961383537,0.08992911065,0.06400612098,0.1158521003
primary,Y2:P_phys_fixed,0.5,20,T99,4.283333333,2.559310027,6.007356639,0.0928647652,0.06672257002,0.1190069604
primary,Y2:P_phys_fixed,0.75,20,T99,2.766666667,0.9534213965,4.579911937,0.0928647652,0.06672257002,0.1190069604
primary,Y2:P_phys_fixed,1,20,T99,-11.9,-14.00313834,-9.796861658,0.0928647652,0.06672257002,0.1190069604
primary,Y2:P_phys_fixed,0.02,30,T99,1.016666667,-1.408646041,3.441979374,0.05594911736,0.03139055008,0.08050768463
primary,Y2:P_phys_fixed,0.05,30,T99,1.65,-1.034810536,4.334810536,0.06934412764,0.04318595953,0.09550229575
primary,Y2:P_phys_fixed,0.1,30,T99,2.433333333,-0.3896560292,5.256322696,0.08138585788,0.05224692759,0.1105247882
primary,Y2:P_phys_fixed,0.25,30,T99,4.333333333,2.160897812,6.505768855,0.09472527116,0.0669934221,0.1224571202
primary,Y2:P_phys_fixed,0.5,30,T99,5.416666667,3.07509861,7.758234723,0.1187200593,0.08943134188,0.1480087767
primary,Y2:P_phys_fixed,0.75,30,T99,4.05,1.684024916,6.415975084,0.119522244,0.08992835635,0.1491161316
primary,Y2:P_phys_fixed,1,30,T99,-20.26666667,-23.11481672,-17.41851661,0.119522244,0.08992835635,0.1491161316
primary,Y2:P_phys_matched_Y2,0.02,10,T99,1.516666667,0.759407542,2.273925791,0.01102329784,0.003610017402,0.01843657828
primary,Y2:P_phys_matched_Y2,0.05,10,T99,2.283333333,1.618411869,2.948254797,0.01796561537,0.01072116389,0.02521006686
primary,Y2:P_phys_matched_Y2,0.1,10,T99,2.8,1.994491954,3.605508046,0.02570239687,0.01737042892,0.03403436481
primary,Y2:P_phys_matched_Y2,0.25,10,T99,3.65,2.730724475,4.569275525,0.02971772707,0.02067021938,0.03876523477
primary,Y2:P_phys_matched_Y2,0.5,10,T99,4.45,3.593804524,5.306195476,0.03051991174,0.02109704788,0.03994277561
primary,Y2:P_phys_matched_Y2,0.75,10,T99,4.883333333,3.94872148,5.817945186,0.03051991174,0.02109704788,0.03994277561
primary,Y2:P_phys_matched_Y2,1,10,T99,5.433333333,4.401173342,6.465493325,0.03051991174,0.02109704788,0.03994277561
primary,Y2:P_phys_matched_Y2,0.02,20,T99,2.366666667,0.7496489237,3.98368441,0.01773588701,0.0055418093,0.02992996472
primary,Y2:P_phys_matched_Y2,0.05,20,T99,4.083333333,2.68817163,5.478495037,0.02836152006,0.01526786939,0.04145517072
primary,Y2:P_phys_matched_Y2,0.1,20,T99,4.7,3.062584813,6.337415187,0.04118849399,0.02691697375,0.05546001422
primary,Y2:P_phys_matched_Y2,0.25,20,T99,6.116666667,4.283773511,7.949559822,0.0475893102,0.0312223374,0.06395628299
primary,Y2:P_phys_matched_Y2,0.5,20,T99,6.916666667,4.995945782,8.837387551,0.05182637481,0.03672392385,0.06692882577
primary,Y2:P_phys_matched_Y2,0.75,20,T99,7.35,5.341593397,9.358406603,0.05531701133,0.0401803723,0.07045365035
primary,Y2:P_phys_matched_Y2,1,20,T99,7.9,5.773306259,10.02669374,0.05611066212,0.04057637799,0.07164494625
primary,Y2:P_phys_matched_Y2,0.02,30,T99,2.733333333,0.3963413188,5.070325348,0.02254526148,0.006163221642,0.03892730131
primary,Y2:P_phys_matched_Y2,0.05,30,T99,5.166666667,3.215731622,7.117601711,0.03130598172,0.01550028578,0.04711167767
primary,Y2:P_phys_matched_Y2,0.1,30,T99,5.9,3.735987159,8.064012841,0.03878206675,0.02165600343,0.05590813007
primary,Y2:P_phys_matched_Y2,0.25,30,T99,7.5,4.936437842,10.06356216,0.03106606692,0.01161890624,0.05051322759
primary,Y2:P_phys_matched_Y2,0.5,30,T99,8.3,5.582969058,11.01703094,0.04306180076,0.02417417767,0.06194942386
primary,Y2:P_phys_matched_Y2,0.75,30,T99,8.733333333,5.944264994,11.52240167,0.0590252421,0.04223306663,0.07581741757
primary,Y2:P_phys_matched_Y2,1,30,T99,9.283333333,6.363766597,12.20290007,0.07156233737,0.05370778705,0.08941688769
sens1_no_Pm_Tc,Y1:P_H_fixed,0.02,10,T99,0.9333333333,0.2811949508,1.585471716,0.01514223412,0.006505536233,0.023778932
sens1_no_Pm_Tc,Y1:P_H_fixed,0.05,10,T99,0.9833333333,0.4382684545,1.528398212,0.02830202576,0.01963682091,0.03696723062
sens1_no_Pm_Tc,Y1:P_H_fixed,0.1,10,T99,1.216666667,0.5162762447,1.917057089,0.02745911389,0.01672563104,0.03819259673
sens1_no_Pm_Tc,Y1:P_H_fixed,0.25,10,T99,1.2,0.346852957,2.053147043,0.03416360768,0.02477259942,0.04355461595
sens1_no_Pm_Tc,Y1:P_H_fixed,0.5,10,T99,2.116666667,1.286624686,2.946708648,0.03583498245,0.02670464101,0.04496532389
sens1_no_Pm_Tc,Y1:P_H_fixed,0.75,10,T99,1.983333333,0.931663087,3.03500358,0.036390538,0.02742456435,0.04535651166
sens1_no_Pm_Tc,Y1:P_H_fixed,1,10,T99,-0.5166666667,-1.938922437,0.9055891032,0.036390538,0.02742456435,0.04535651166
sens1_no_Pm_Tc,Y1:P_H_fixed,0.02,20,T99,1.85,0.2383825619,3.461617438,0.01903549786,0.003689790585,0.03438120514
sens1_no_Pm_Tc,Y1:P_H_fixed,0.05,20,T99,2.1,0.7149535666,3.485046433,0.02905614172,0.01239610781,0.04571617562
sens1_no_Pm_Tc,Y1:P_H_fixed,0.1,20,T99,2.133333333,0.6623776049,3.604289062,0.04314326631,0.02700796854,0.05927856408
sens1_no_Pm_Tc,Y1:P_H_fixed,0.25,20,T99,3.266666667,1.53473905,4.998594283,0.0627542971,0.04230211769,0.08320647651
sens1_no_Pm_Tc,Y1:P_H_fixed,0.5,20,T99,4.95,3.243019574,6.656980426,0.07171380746,0.05278126025,0.09064635467
sens1_no_Pm_Tc,Y1:P_H_fixed,0.75,20,T99,4.7,2.600057514,6.799942486,0.08287199955,0.06465368194,0.1010903172
sens1_no_Pm_Tc,Y1:P_H_fixed,1,20,T99,-0.5833333333,-3.766271381,2.599604715,0.08399252686,0.06572202639,0.1022630273
sens1_no_Pm_Tc,Y1:P_H_fixed,0.02,30,T99,2.283333333,-0.05514315147,4.621809818,0.01178683852,-0.004908826906,0.02848250394
sens1_no_Pm_Tc,Y1:P_H_fixed,0.05,30,T99,2.633333333,0.09869563573,5.167971031,0.01902904666,0.001673722573,0.03638437074
sens1_no_Pm_Tc,Y1:P_H_fixed,0.1,30,T99,2.833333333,0.2988207128,5.367845954,0.03834571452,0.01906008873,0.05763134031
sens1_no_Pm_Tc,Y1:P_H_fixed,0.25,30,T99,4.366666667,1.233270396,7.500062938,0.05571635718,0.03082024107,0.08061247329
sens1_no_Pm_Tc,Y1:P_H_fixed,0.5,30,T99,6.533333333,3.834352647,9.232314019,0.08006679347,0.05797799721,0.1021555897
sens1_no_Pm_Tc,Y1:P_H_fixed,0.75,30,T99,6.383333333,3.416641967,9.350024699,0.1162084602,0.0942225497,0.1381943707
sens1_no_Pm_Tc,Y1:P_H_fixed,1,30,T99,-0.3166666667,-5.015252757,4.381919423,0.1312884979,0.1122612145,0.1503157813
sens1_no_Pm_Tc,Y1:P_phys_fixed,0.02,10,T99,1.2,0.5121776579,1.887822342,-0.002236346516,-0.008041420321,0.003568727289
sens1_no_Pm_Tc,Y1:P_phys_fixed,0.05,10,T99,2.133333333,1.46230523,2.804361436,-0.002763320243,-0.00984823577,0.004321595284
sens1_no_Pm_Tc,Y1:P_phys_fixed,0.1,10,T99,3.233333333,2.504872777,3.961793889,0.007006478548,-0.001765107108,0.0157780642
sens1_no_Pm_Tc,Y1:P_phys_fixed,0.25,10,T99,4.266666667,3.421509803,5.111823531,0.01343319457,0.006657182639,0.0202092065
sens1_no_Pm_Tc,Y1:P_phys_fixed,0.5,10,T99,4.933333333,4.12560338,5.741063287,0.01595202696,0.008612870256,0.02329118366
sens1_no_Pm_Tc,Y1:P_phys_fixed,0.75,10,T99,5.566666667,4.741793017,6.391540317,0.01762340172,0.009973012881,0.02527379057
sens1_no_Pm_Tc,Y1:P_phys_fixed,1,10,T99,6.533333333,5.580585075,7.486081592,0.0179011795,0.01044421373,0.02535814528
sens1_no_Pm_Tc,Y1:P_phys_fixed,0.02,20,T99,3.2,1.766656003,4.633343997,-0.005023369597,-0.01508308622,0.005036347024
sens1_no_Pm_Tc,Y1:P_phys_fixed,0.05,20,T99,4.75,3.382740939,6.117259061,-0.006100370496,-0.01809215617,0.00589141518
sens1_no_Pm_Tc,Y1:P_phys_fixed,0.1,20,T99,6.816666667,5.319881519,8.313451815,0.005637413229,-0.002443515007,0.01371834147
sens1_no_Pm_Tc,Y1:P_phys_fixed,0.25,20,T99,8.1,6.479306022,9.720693978,0.01649849956,0.005439529051,0.02755747007
sens1_no_Pm_Tc,Y1:P_phys_fixed,0.5,20,T99,8.966666667,7.303203612,10.63012972,0.02628713074,0.01685754194,0.03571671955
sens1_no_Pm_Tc,Y1:P_phys_fixed,0.75,20,T99,9.6,7.846732564,11.35326744,0.03327411042,0.02312936587,0.04341885496
sens1_no_Pm_Tc,Y1:P_phys_fixed,1,20,T99,10.56666667,8.593882447,12.53945089,0.03494548518,0.02527259539,0.04461837497
sens1_no_Pm_Tc,Y1:P_phys_fixed,0.02,30,T99,4.666666667,2.604663016,6.728670317,-0.00613836852,-0.01809576986,0.005819032817
sens1_no_Pm_Tc,Y1:P_phys_fixed,0.05,30,T99,6.633333333,4.806100637,8.46056603,-0.003878148273,-0.01747042201,0.009714125468
sens1_no_Pm_Tc,Y1:P_phys_fixed,0.1,30,T99,8.916666667,6.532599635,11.3007337,0.0005987572672,-0.007660018755,0.00885753329
sens1_no_Pm_Tc,Y1:P_phys_fixed,0.25,30,T99,10.2,7.725943538,12.67405646,0.008127501444,-0.00397146286,0.02022646575
sens1_no_Pm_Tc,Y1:P_phys_fixed,0.5,30,T99,11.06666667,8.546711435,13.5866219,0.0190080781,0.008275997378,0.02974015883
sens1_no_Pm_Tc,Y1:P_phys_fixed,0.75,30,T99,11.7,9.074843425,14.32515658,0.03463912558,0.02292365061,0.04635460054
sens1_no_Pm_Tc,Y1:P_phys_fixed,1,30,T99,12.66666667,9.836748879,15.49658445,0.05367057328,0.04297723851,0.06436390804
sens1_no_Pm_Tc,Y2:P_H_fixed,0.02,10,T99,0.8833333333,0.2726150759,1.494051591,0.02469056432,0.01453933527,0.03484179337
sens1_no_Pm_Tc,Y2:P_H_fixed,0.05,10,T99,1,-0.002550554937,2.002550555,0.02782242353,0.01747609611,0.03816875096
sens1_no_Pm_Tc,Y2:P_H_fixed,0.1,10,T99,0.8333333333,-0.3215118657,1.988178532,0.03258279758,0.02178238954,0.04338320563
sens1_no_Pm_Tc,Y2:P_H_fixed,0.25,10,T99,0.85,-0.3353111776,2.035311178,0.03904311968,0.02731562451,0.05077061485
sens1_no_Pm_Tc,Y2:P_H_fixed,0.5,10,T99,0.8666666667,-0.2767196477,2.010052981,0.04016380934,0.02840264783,0.05192497085
sens1_no_Pm_Tc,Y2:P_H_fixed,0.75,10,T99,0.65,-0.5985324516,1.898532452,0.04044158712,0.02881374646,0.05206942777
sens1_no_Pm_Tc,Y2:P_H_fixed,1,10,T99,-1.9,-3.203192077,-0.5968079225,0.04044158712,0.02881374646,0.05206942777
sens1_no_Pm_Tc,Y2:P_H_fixed,0.02,20,T99,2.166666667,0.930981489,3.402351844,0.02355607507,0.01044742647,0.03666472367
sens1_no_Pm_Tc,Y2:P_H_fixed,0.05,20,T99,2.116666667,-0.1089932734,4.342326607,0.02832115722,0.01272286563,0.0439194488
sens1_no_Pm_Tc,Y2:P_H_fixed,0.1,20,T99,2.05,-0.3141030683,4.414103068,0.04933908046,0.03396287921,0.06471528171
sens1_no_Pm_Tc,Y2:P_H_fixed,0.25,20,T99,2.333333333,0.301229059,4.365437608,0.06811724787,0.0520161187,0.08421837705
sens1_no_Pm_Tc,Y2:P_H_fixed,0.5,20,T99,2.15,-0.07804067219,4.378040672,0.07990259108,0.06288967484,0.09691550732
sens1_no_Pm_Tc,Y2:P_H_fixed,0.75,20,T99,1.6,-0.8480543039,4.048054304,0.087445451,0.07060944784,0.1042814542
sens1_no_Pm_Tc,Y2:P_H_fixed,1,20,T99,-4.616666667,-7.455354335,-1.777978998,0.087445451,0.07060944784,0.1042814542
sens1_no_Pm_Tc,Y2:P_H_fixed,0.02,30,T99,2.9,1.200968278,4.599031722,0.01990729918,0.007275655473,0.03253894288
sens1_no_Pm_Tc,Y2:P_H_fixed,0.05,30,T99,2.9,0.2345097078,5.565490292,0.02660205208,0.01104382379,0.04216028037
sens1_no_Pm_Tc,Y2:P_H_fixed,0.1,30,T99,2.8,0.0299195824,5.570080418,0.04116939412,0.02065762695,0.06168116128
sens1_no_Pm_Tc,Y2:P_H_fixed,0.25,30,T99,3.233333333,0.6351538977,5.831512769,0.05856338074,0.03780230989,0.07932445159
sens1_no_Pm_Tc,Y2:P_H_fixed,0.5,30,T99,3.083333333,0.2976519251,5.869014742,0.09225241899,0.06730776621,0.1171970718
sens1_no_Pm_Tc,Y2:P_H_fixed,0.75,30,T99,2.2,-0.8585346741,5.258534674,0.1216231573,0.09909394372,0.144152371
sens1_no_Pm_Tc,Y2:P_H_fixed,1,30,T99,-7.483333333,-12.22526037,-2.741406293,0.1305308786,0.1105588108,0.1505029465
sens1_no_Pm_Tc,Y2:P_H_matched_Y2,0.02,10,T99,1.416666667,0.508207433,2.3251259,0.01434622378,0.004066772401,0.02462567516
sens1_no_Pm_Tc,Y2:P_H_matched_Y2,0.05,10,T99,1.383333333,0.3223442065,2.44432246,0.02698925255,0.01718683973,0.03679166537
sens1_no_Pm_Tc,Y2:P_H_matched_Y2,0.1,10,T99,0.9,-0.2851557803,2.08515578,0.03256851094,0.02126038984,0.04387663204
sens1_no_Pm_Tc,Y2:P_H_matched_Y2,0.25,10,T99,1.166666667,-0.03443194476,2.367765278,0.03988586921,0.02866165744,0.05111008099
sens1_no_Pm_Tc,Y2:P_H_matched_Y2,0.5,10,T99,1.033333333,-0.2834266345,2.350093301,0.04323803494,0.03247542801,0.05400064186
sens1_no_Pm_Tc,Y2:P_H_matched_Y2,0.75,10,T99,1.216666667,-0.341356154,2.774689487,0.04351581272,0.03266644189,0.05436518354
sens1_no_Pm_Tc,Y2:P_H_matched_Y2,1,10,T99,-0.55,-2.097320748,0.9973207484,0.04351581272,0.03266644189,0.05436518354
sens1_no_Pm_Tc,Y2:P_H_matched_Y2,0.02,20,T99,2.966666667,1.369990902,4.563342432,0.008720046756,-0.003591252466,0.02103134598
sens1_no_Pm_Tc,Y2:P_H_matched_Y2,0.05,20,T99,3.3,1.177300073,5.422699927,0.02310685759,0.004942695759,0.04127101942
sens1_no_Pm_Tc,Y2:P_H_matched_Y2,0.1,20,T99,2.416666667,0.3583009227,4.475032411,0.04039450614,0.02449586382,0.05629314845
sens1_no_Pm_Tc,Y2:P_H_matched_Y2,0.25,20,T99,2.866666667,0.5879995199,5.145333813,0.06222238457,0.04505243665,0.07939233249
sens1_no_Pm_Tc,Y2:P_H_matched_Y2,0.5,20,T99,2.233333333,-0.6423224096,5.108989076,0.07965809468,0.06138099739,0.09793519197
sens1_no_Pm_Tc,Y2:P_H_matched_Y2,0.75,20,T99,2.683333333,-0.1282619673,5.494928634,0.08829761673,0.07111404739,0.1054811861
sens1_no_Pm_Tc,Y2:P_H_matched_Y2,1,20,T99,-0.5833333333,-4.060698807,2.89403214,0.09080703292,0.07394444515,0.1076696207
sens1_no_Pm_Tc,Y2:P_H_matched_Y2,0.02,30,T99,3.6,1.357137942,5.842862058,0.007839145399,-0.004499009918,0.02017730072
sens1_no_Pm_Tc,Y2:P_H_matched_Y2,0.05,30,T99,4.2,1.622071544,6.777928456,0.01012468342,-0.007448188336,0.02769755518
sens1_no_Pm_Tc,Y2:P_H_matched_Y2,0.1,30,T99,3.383333333,0.7299972165,6.03666945,0.03193697643,0.01241039216,0.0514635607
sens1_no_Pm_Tc,Y2:P_H_matched_Y2,0.25,30,T99,3.666666667,0.5895138343,6.743819499,0.05683502175,0.03244492578,0.08122511773
sens1_no_Pm_Tc,Y2:P_H_matched_Y2,0.5,30,T99,2.533333333,-1.57433688,6.641003547,0.0899589259,0.06254874889,0.1173691029
sens1_no_Pm_Tc,Y2:P_H_matched_Y2,0.75,30,T99,3.283333333,-0.4985850674,7.065251734,0.1182469641,0.09626369926,0.1402302289
sens1_no_Pm_Tc,Y2:P_H_matched_Y2,1,30,T99,-1.95,-7.559011238,3.659011238,0.1397303396,0.1213199836,0.1581406956
sens1_no_Pm_Tc,Y2:P_phys_fixed,0.02,10,T99,0.55,-0.3033797618,1.403379762,0.01794402234,0.009915827896,0.02597221678
sens1_no_Pm_Tc,Y2:P_phys_fixed,0.05,10,T99,0.8,-0.2508006253,1.850800625,0.03004464576,0.01704463008,0.04304466143
sens1_no_Pm_Tc,Y2:P_phys_fixed,0.1,10,T99,1.45,0.4300549842,2.469945016,0.0331237418,0.01974550462,0.04650197898
sens1_no_Pm_Tc,Y2:P_phys_fixed,0.25,10,T99,2.116666667,1.152201043,3.08113229,0.03424426911,0.02095521929,0.04753331893
sens1_no_Pm_Tc,Y2:P_phys_fixed,0.5,10,T99,2.933333333,1.857565033,4.009101634,0.03424426911,0.02095521929,0.04753331893
sens1_no_Pm_Tc,Y2:P_phys_fixed,0.75,10,T99,2.233333333,1.342166924,3.124499743,0.03424426911,0.02095521929,0.04753331893
sens1_no_Pm_Tc,Y2:P_phys_fixed,1,10,T99,-4.05,-5.159520921,-2.940479079,0.03424426911,0.02095521929,0.04753331893
sens1_no_Pm_Tc,Y2:P_phys_fixed,0.02,20,T99,0.9166666667,-0.8325998406,2.665933174,0.03242109877,0.01921327908,0.04562891847
sens1_no_Pm_Tc,Y2:P_phys_fixed,0.05,20,T99,1.516666667,-0.4284440822,3.461777416,0.04452188454,0.02592135475,0.06312241432
sens1_no_Pm_Tc,Y2:P_phys_fixed,0.1,20,T99,2.466666667,0.7584774976,4.174855836,0.05740340282,0.03646103168,0.07834577395
sens1_no_Pm_Tc,Y2:P_phys_fixed,0.25,20,T99,3.55,1.788909775,5.311090225,0.0702714462,0.05113975969,0.0894031327
sens1_no_Pm_Tc,Y2:P_phys_fixed,0.5,20,T99,4.95,3.266982947,6.633017053,0.07223472303,0.0522900525,0.09217939357
sens1_no_Pm_Tc,Y2:P_phys_fixed,0.75,20,T99,3.55,1.904614489,5.195385511,0.07223472303,0.0522900525,0.09217939357
sens1_no_Pm_Tc,Y2:P_phys_fixed,1,20,T99,-11.38333333,-13.12387598,-9.642790689,0.07223472303,0.0522900525,0.09217939357
sens1_no_Pm_Tc,Y2:P_phys_fixed,0.02,30,T99,0.8833333333,-1.823293169,3.589959836,0.04830151309,0.03030714312,0.06629588305
sens1_no_Pm_Tc,Y2:P_phys_fixed,0.05,30,T99,1.75,-0.8599967937,4.359996794,0.05367377752,0.03375327543,0.07359427961
sens1_no_Pm_Tc,Y2:P_phys_fixed,0.1,30,T99,2.85,0.410028737,5.289971263,0.06598155724,0.04499063503,0.08697247945
sens1_no_Pm_Tc,Y2:P_phys_fixed,0.25,30,T99,4.066666667,1.546908118,6.586425215,0.08308185596,0.06129990673,0.1048638052
sens1_no_Pm_Tc,Y2:P_phys_fixed,0.5,30,T99,6.05,3.886993857,8.213006143,0.1040523735,0.08212170921,0.1259830379
sens1_no_Pm_Tc,Y2:P_phys_fixed,0.75,30,T99,4.483333333,2.40372114,6.562945527,0.1043348594,0.08218685737,0.1264828614
sens1_no_Pm_Tc,Y2:P_phys_fixed,1,30,T99,-19.38333333,-21.59423998,-17.17242669,0.1043348594,0.08218685737,0.1264828614
sens1_no_Pm_Tc,Y2:P_phys_matched_Y2,0.02,10,T99,1.8,1.177414097,2.422585903,0.005621631275,-0.0007768873576,0.01202014991
sens1_no_Pm_Tc,Y2:P_phys_matched_Y2,0.05,10,T99,2.5,1.555815532,3.444184468,0.01316384181,0.007115271339,0.01921241228
sens1_no_Pm_Tc,Y2:P_phys_matched_Y2,0.1,10,T99,3.033333333,2.170265621,3.896401045,0.0185036366,0.01187184184,0.02513543135
sens1_no_Pm_Tc,Y2:P_phys_matched_Y2,0.25,10,T99,3.366666667,2.468648748,4.264684585,0.02185580232,0.01557278395,0.0281388207
sens1_no_Pm_Tc,Y2:P_phys_matched_Y2,0.5,10,T99,4.483333333,3.592196426,5.37447024,0.02270829275,0.01613106887,0.02928551662
sens1_no_Pm_Tc,Y2:P_phys_matched_Y2,0.75,10,T99,4.966666667,3.97998847,5.953344864,0.02270829275,0.01613106887,0.02928551662
sens1_no_Pm_Tc,Y2:P_phys_matched_Y2,1,10,T99,5.75,4.589774318,6.910225682,0.02270829275,0.01613106887,0.02928551662
sens1_no_Pm_Tc,Y2:P_phys_matched_Y2,0.02,20,T99,3.416666667,1.866791195,4.966542138,0.01377621924,0.002502125139,0.02505031333
sens1_no_Pm_Tc,Y2:P_phys_matched_Y2,0.05,20,T99,5.016666667,3.412494763,6.620838571,0.02237742711,0.01494214398,0.02981271023
sens1_no_Pm_Tc,Y2:P_phys_matched_Y2,0.1,20,T99,5.483333333,3.878328743,7.088337923,0.03077716085,0.02320877947,0.03834554224
sens1_no_Pm_Tc,Y2:P_phys_matched_Y2,0.25,20,T99,5.983333333,4.390422375,7.576244292,0.04030700045,0.03156603565,0.04904796526
sens1_no_Pm_Tc,Y2:P_phys_matched_Y2,0.5,20,T99,7.15,5.621496552,8.678503448,0.04509123969,0.03518752187,0.05499495751
sens1_no_Pm_Tc,Y2:P_phys_matched_Y2,0.75,20,T99,7.633333333,5.960415389,9.306251278,0.04677673875,0.0370990892,0.0564543883
sens1_no_Pm_Tc,Y2:P_phys_matched_Y2,1,20,T99,8.416666667,6.63715961,10.19617372,0.04677673875,0.0370990892,0.0564543883
sens1_no_Pm_Tc,Y2:P_phys_matched_Y2,0.02,30,T99,4.416666667,2.542286074,6.291047259,0.02327212806,0.008423038193,0.03812121793
sens1_no_Pm_Tc,Y2:P_phys_matched_Y2,0.05,30,T99,6.15,3.983372576,8.316627424,0.02964640561,0.0168777102,0.04241510102
sens1_no_Pm_Tc,Y2:P_phys_matched_Y2,0.1,30,T99,6.45,4.338919717,8.561080283,0.03441652055,0.02123954791,0.0475934932
sens1_no_Pm_Tc,Y2:P_phys_matched_Y2,0.25,30,T99,7.116666667,5.008632277,9.224701056,0.03133287876,0.0179599106,0.04470584692
sens1_no_Pm_Tc,Y2:P_phys_matched_Y2,0.5,30,T99,8.283333333,6.242542006,10.32412466,0.04254367167,0.0279347342,0.05715260913
sens1_no_Pm_Tc,Y2:P_phys_matched_Y2,0.75,30,T99,8.766666667,6.59804022,10.93529311,0.06100931879,0.04718309341,0.07483554417
sens1_no_Pm_Tc,Y2:P_phys_matched_Y2,1,30,T99,9.55,7.324060221,11.77593978,0.06690418209,0.05383969079,0.07996867339
unscreened,Y1:P_H_fixed,0.02,10,T99,0.55,-0.1442088227,1.244208823,0.0145215611,0.008396554804,0.0206465674
unscreened,Y1:P_H_fixed,0.05,10,T99,0.2833333333,-0.484205218,1.050871885,0.01898134997,0.01298248861,0.02498021133
unscreened,Y1:P_H_fixed,0.1,10,T99,0.8666666667,0.1291851985,1.604148135,0.02341126475,0.01626032096,0.03056220855
unscreened,Y1:P_H_fixed,0.25,10,T99,1.566666667,0.6238913021,2.509442031,0.0264306594,0.01924422844,0.03361709036
unscreened,Y1:P_H_fixed,0.5,10,T99,1.4,0.3355163636,2.464483636,0.02824033714,0.02123183811,0.03524883616
unscreened,Y1:P_H_fixed,0.75,10,T99,1.6,0.5413214552,2.658678545,0.02824033714,0.02123183811,0.03524883616
unscreened,Y1:P_H_fixed,1,10,T99,-0.2833333333,-1.981334829,1.414668162,0.02824033714,0.02123183811,0.03524883616
unscreened,Y1:P_H_fixed,0.02,20,T99,1.283333333,-0.2486222991,2.815288966,0.01533015984,0.007063941652,0.02359637804
unscreened,Y1:P_H_fixed,0.05,20,T99,1.05,-0.5698567215,2.669856722,0.02477727834,0.01467098401,0.03488357267
unscreened,Y1:P_H_fixed,0.1,20,T99,2.5,0.9401294711,4.059870529,0.03041434029,0.0170992727,0.04372940788
unscreened,Y1:P_H_fixed,0.25,20,T99,3.983333333,2.003342908,5.963323759,0.04633197273,0.03453476228,0.05812918318
unscreened,Y1:P_H_fixed,0.5,20,T99,4.6,2.337762402,6.862237598,0.0542007627,0.04306261755,0.06533890785
unscreened,Y1:P_H_fixed,0.75,20,T99,5.066666667,2.858809888,7.274523445,0.06085922431,0.05037756877,0.07134087985
unscreened,Y1:P_H_fixed,1,20,T99,-1.65,-5.538843029,2.238843029,0.06146163395,0.05091111722,0.07201215067
unscreened,Y1:P_H_fixed,0.02,30,T99,1.383333333,-1.258102097,4.024768763,0.01108880645,-0.0001525259011,0.02233013879
unscreened,Y1:P_H_fixed,0.05,30,T99,1.016666667,-1.329972444,3.363305777,0.01949713488,0.007409254385,0.03158501538
unscreened,Y1:P_H_fixed,0.1,30,T99,3.966666667,1.669810459,6.263522875,0.025917575,0.01145458478,0.04038056522
unscreened,Y1:P_H_fixed,0.25,30,T99,5.733333333,3.024113098,8.442553569,0.04167132018,0.0244977528,0.05884488756
unscreened,Y1:P_H_fixed,0.5,30,T99,6.666666667,3.7312555,9.602077833,0.0680832446,0.05371837841,0.0824481108
unscreened,Y1:P_H_fixed,0.75,30,T99,7.366666667,4.43982034,10.29351299,0.08965311789,0.07405616704,0.1052500687
unscreened,Y1:P_H_fixed,1,30,T99,-1.416666667,-6.942534073,4.10920074,0.09467809585,0.07984509536,0.1095110963
unscreened,Y2:P_H_fixed,0.02,10,T99,-0.05,-0.6548325838,0.5548325838,0.01637543852,0.01081658193,0.02193429511
unscreened,Y2:P_H_fixed,0.05,10,T99,0.7166666667,0.1075219039,1.325811429,0.01677698448,0.01073694828,0.02281702069
unscreened,Y2:P_H_fixed,0.1,10,T99,0.9166666667,0.3375328819,1.495800451,0.0202200854,0.01311584251,0.02732432829
unscreened,Y2:P_H_fixed,0.25,10,T99,0.8,-0.1605583593,1.760558359,0.02284522009,0.01584521394,0.02984522623
unscreened,Y2:P_H_fixed,0.5,10,T99,0.85,-0.07906882236,1.779068822,0.02385413379,0.01684238225,0.03086588533
unscreened,Y2:P_H_fixed,0.75,10,T99,0.5166666667,-0.4627526692,1.496086003,0.02385413379,0.01684238225,0.03086588533
unscreened,Y2:P_H_fixed,1,10,T99,-1.933333333,-3.48832658,-0.3783400863,0.02385413379,0.01684238225,0.03086588533
unscreened,Y2:P_H_fixed,0.02,20,T99,-0.15,-0.9933141586,0.6933141586,0.01756807416,0.008546730496,0.02658941783
unscreened,Y2:P_H_fixed,0.05,20,T99,1.433333333,0.4621712219,2.404495445,0.01436256922,0.004011104886,0.02471403355
unscreened,Y2:P_H_fixed,0.1,20,T99,2.1,1.09141653,3.10858347,0.02102335872,0.009348505716,0.03269821172
unscreened,Y2:P_H_fixed,0.25,20,T99,2.616666667,0.9991617406,4.234171593,0.03515316914,0.02369579614,0.04661054213
unscreened,Y2:P_H_fixed,0.5,20,T99,2.55,0.4620640867,4.637935913,0.04804865351,0.03761000562,0.0584873014
unscreened,Y2:P_H_fixed,0.75,20,T99,2.083333333,-0.1715774961,4.338244163,0.05451353744,0.0421299227,0.06689715217
unscreened,Y2:P_H_fixed,1,20,T99,-5.083333333,-8.022636217,-2.14403045,0.05451353744,0.0421299227,0.06689715217
unscreened,Y2:P_H_fixed,0.02,30,T99,-0.2,-1.385765957,0.9857659568,0.02059469434,0.009406275659,0.03178311303
unscreened,Y2:P_H_fixed,0.05,30,T99,1.766666667,0.489363893,3.04396944,0.008708184137,2.464579225e-05,0.01739172248
unscreened,Y2:P_H_fixed,0.1,30,T99,2.9,1.495799893,4.304200107,0.01555741182,0.003255623146,0.0278592005
unscreened,Y2:P_H_fixed,0.25,30,T99,4.116666667,1.993804408,6.239528925,0.0270719433,0.0123250271,0.04181885949
unscreened,Y2:P_H_fixed,0.5,30,T99,3.983333333,1.192503793,6.774162874,0.05083039173,0.03669231947,0.06496846399
unscreened,Y2:P_H_fixed,0.75,30,T99,3.516666667,0.6061283889,6.427204944,0.07987106511,0.06490408211,0.09483804811
unscreened,Y2:P_H_fixed,1,30,T99,-7.483333333,-11.24463555,-3.722031115,0.08553279665,0.07063104004,0.1004345533
unscreened,Y2:P_H_matched_Y2,0.02,10,T99,0.1,-0.625792179,0.825792179,0.01051296423,0.004248611182,0.01677731728
unscreened,Y2:P_H_matched_Y2,0.05,10,T99,0.55,0.03398018979,1.06601981,0.01939973081,0.01289630562,0.025903156
unscreened,Y2:P_H_matched_Y2,0.1,10,T99,0.45,-0.1589907578,1.058990758,0.02021273894,0.0133335128,0.02709196508
unscreened,Y2:P_H_matched_Y2,0.25,10,T99,0.6666666667,-0.2381908198,1.571524153,0.02423370084,0.01752944764,0.03093795403
unscreened,Y2:P_H_matched_Y2,0.5,10,T99,1.083333333,-0.04236534991,2.209032017,0.02564666979,0.01844734706,0.03284599252
unscreened,Y2:P_H_matched_Y2,0.75,10,T99,1.116666667,-0.08003330177,2.313366635,0.02564666979,0.01844734706,0.03284599252
unscreened,Y2:P_H_matched_Y2,1,10,T99,-1.216666667,-2.699980803,0.2666474693,0.02564666979,0.01844734706,0.03284599252
unscreened,Y2:P_H_matched_Y2,0.02,20,T99,0.5166666667,-1.01661796,2.049951294,0.009501722639,-0.001987404104,0.02099084938
unscreened,Y2:P_H_matched_Y2,0.05,20,T99,1.3,0.1406827512,2.459317249,0.01799918735,0.006775400097,0.02922297461
unscreened,Y2:P_H_matched_Y2,0.1,20,T99,1.2,-0.04381294505,2.443812945,0.02968489435,0.01712418642,0.04224560228
unscreened,Y2:P_H_matched_Y2,0.25,20,T99,2.083333333,0.1254605563,4.04120611,0.04017324946,0.02693920483,0.05340729409
unscreened,Y2:P_H_matched_Y2,0.5,20,T99,2.966666667,0.6495847358,5.283748598,0.05326219059,0.04032524612,0.06619913506
unscreened,Y2:P_H_matched_Y2,0.75,20,T99,3.1,0.3899698613,5.810030139,0.05930342871,0.0462705869,0.07233627052
unscreened,Y2:P_H_matched_Y2,1,20,T99,-1.166666667,-4.050573397,1.717240064,0.05930342871,0.0462705869,0.07233627052
unscreened,Y2:P_H_matched_Y2,0.02,30,T99,1.05,-1.13412162,3.23412162,0.006264322572,-0.006352669686,0.01888131483
unscreened,Y2:P_H_matched_Y2,0.05,30,T99,1.766666667,0.1260128231,3.40732051,0.01453649588,-0.002487733735,0.03156072549
unscreened,Y2:P_H_matched_Y2,0.1,30,T99,1.7,-0.440729482,3.840729482,0.01875807959,-0.0008379279327,0.03835408712
unscreened,Y2:P_H_matched_Y2,0.25,30,T99,2.966666667,0.4136087877,5.519724546,0.03288042262,0.01247486786,0.05328597739
unscreened,Y2:P_H_matched_Y2,0.5,30,T99,4.383333333,1.382054919,7.384611748,0.05482919332,0.03584106413,0.07381732251
unscreened,Y2:P_H_matched_Y2,0.75,30,T99,4.6,1.091305528,8.108694472,0.07821560255,0.06059085572,0.09584034938
unscreened,Y2:P_H_matched_Y2,1,30,T99,-1.333333333,-5.712060555,3.045393888,0.09130711343,0.07538821941,0.1072260074
