universe,cell,beta,steps,share_flat_EI,share_length_scale_at_lower_bound
primary,Y1:P_H_fixed,0,2400,0,0.1091666667
primary,Y1:P_H_fixed,0.02,2400,0,0.08083333333
primary,Y1:P_H_fixed,0.05,2400,0,0.10125
primary,Y1:P_H_fixed,0.1,2400,0,0.05166666667
primary,Y1:P_H_fixed,0.25,2400,0,0.04166666667
primary,Y1:P_H_fixed,0.5,2400,0,0.0425
primary,Y1:P_H_fixed,0.75,2400,0,0.05708333333
primary,Y1:P_H_fixed,1,0,,
primary,Y1:P_phys_fixed,0,2400,0,0.1091666667
primary,Y1:P_phys_fixed,0.02,2400,0,0.08125
primary,Y1:P_phys_fixed,0.05,2400,0,0.0425
primary,Y1:P_phys_fixed,0.1,2400,0,0.02125
primary,Y1:P_phys_fixed,0.25,2400,0,0.01458333333
primary,Y1:P_phys_fixed,0.5,2400,0,0.01791666667
primary,Y1:P_phys_fixed,0.75,2400,0,0.0175
primary,Y1:P_phys_fixed,1,0,,
primary,Y2:P_H_fixed,0,2400,0,0.05875
primary,Y2:P_H_fixed,0.02,2400,0,0.04
primary,Y2:P_H_fixed,0.05,2400,0,0.03208333333
primary,Y2:P_H_fixed,0.1,2400,0,0.01666666667
primary,Y2:P_H_fixed,0.25,2400,0,0.02375
primary,Y2:P_H_fixed,0.5,2400,0,0.01666666667
primary,Y2:P_H_fixed,0.75,2400,0,0.0175
primary,Y2:P_H_fixed,1,0,,
primary,Y2:P_H_matched_Y2,0,2400,0,0.05875
primary,Y2:P_H_matched_Y2,0.02,2400,0,0.03458333333
primary,Y2:P_H_matched_Y2,0.05,2400,0,0.04
primary,Y2:P_H_matched_Y2,0.1,2400,0,0.03958333333
primary,Y2:P_H_matched_Y2,0.25,2400,0,0.04875
primary,Y2:P_H_matched_Y2,0.5,2400,0,0.02416666667
primary,Y2:P_H_matched_Y2,0.75,2400,0,0.03333333333
primary,Y2:P_H_matched_Y2,1,0,,
primary,Y2:P_phys_fixed,0,2400,0,0.05875
primary,Y2:P_phys_fixed,0.02,2400,0,0.0375
primary,Y2:P_phys_fixed,0.05,2400,0,0.02708333333
primary,Y2:P_phys_fixed,0.1,2400,0,0.02
primary,Y2:P_phys_fixed,0.25,2400,0,0.01125
primary,Y2:P_phys_fixed,0.5,2400,0,0.01083333333
primary,Y2:P_phys_fixed,0.75,2400,0,0.0175
primary,Y2:P_phys_fixed,1,0,,
primary,Y2:P_phys_matched_Y2,0,2400,0,0.05875
primary,Y2:P_phys_matched_Y2,0.02,2400,0,0.04541666667
primary,Y2:P_phys_matched_Y2,0.05,2400,0,0.01625
primary,Y2:P_phys_matched_Y2,0.1,2400,0,0.0075
primary,Y2:P_phys_matched_Y2,0.25,2400,0,0.00875
primary,Y2:P_phys_matched_Y2,0.5,2400,0,0.006666666667
primary,Y2:P_phys_matched_Y2,0.75,2400,0,0.007916666667
primary,Y2:P_phys_matched_Y2,1,0,,
sens1_no_Pm_Tc,Y1:P_H_fixed,0,2400,0,0.07083333333
sens1_no_Pm_Tc,Y1:P_H_fixed,0.02,2400,0,0.06333333333
sens1_no_Pm_Tc,Y1:P_H_fixed,0.05,2400,0,0.05708333333
sens1_no_Pm_Tc,Y1:P_H_fixed,0.1,2400,0,0.05916666667
sens1_no_Pm_Tc,Y1:P_H_fixed,0.25,2400,0,0.05958333333
sens1_no_Pm_Tc,Y1:P_H_fixed,0.5,2400,0,0.04333333333
sens1_no_Pm_Tc,Y1:P_H_fixed,0.75,2400,0,0.06333333333
sens1_no_Pm_Tc,Y1:P_H_fixed,1,0,,
sens1_no_Pm_Tc,Y1:P_phys_fixed,0,2400,0,0.07083333333
sens1_no_Pm_Tc,Y1:P_phys_fixed,0.02,2400,0,0.02833333333
sens1_no_Pm_Tc,Y1:P_phys_fixed,0.05,2400,0,0.0225
sens1_no_Pm_Tc,Y1:P_phys_fixed,0.1,2400,0,0.01583333333
sens1_no_Pm_Tc,Y1:P_phys_fixed,0.25,2400,0,0.01083333333
sens1_no_Pm_Tc,Y1:P_phys_fixed,0.5,2400,0,0.00875
sens1_no_Pm_Tc,Y1:P_phys_fixed,0.75,2400,0,0.01
sens1_no_Pm_Tc,Y1:P_phys_fixed,1,0,,
sens1_no_Pm_Tc,Y2:P_H_fixed,0,2400,0,0.04791666667
sens1_no_Pm_Tc,Y2:P_H_fixed,0.02,2400,0,0.02625
sens1_no_Pm_Tc,Y2:P_H_fixed,0.05,2400,0,0.02416666667
sens1_no_Pm_Tc,Y2:P_H_fixed,0.1,2400,0,0.02958333333
sens1_no_Pm_Tc,Y2:P_H_fixed,0.25,2400,0,0.01333333333
sens1_no_Pm_Tc,Y2:P_H_fixed,0.5,2400,0,0.01333333333
sens1_no_Pm_Tc,Y2:P_H_fixed,0.75,2400,0,0.02666666667
sens1_no_Pm_Tc,Y2:P_H_fixed,1,0,,
sens1_no_Pm_Tc,Y2:P_H_matched_Y2,0,2400,0,0.04791666667
sens1_no_Pm_Tc,Y2:P_H_matched_Y2,0.02,2400,0,0.02166666667
sens1_no_Pm_Tc,Y2:P_H_matched_Y2,0.05,2400,0,0.0275
sens1_no_Pm_Tc,Y2:P_H_matched_Y2,0.1,2400,0,0.02041666667
sens1_no_Pm_Tc,Y2:P_H_matched_Y2,0.25,2400,0,0.03541666667
sens1_no_Pm_Tc,Y2:P_H_matched_Y2,0.5,2400,0,0.065
sens1_no_Pm_Tc,Y2:P_H_matched_Y2,0.75,2400,0,0.03625
sens1_no_Pm_Tc,Y2:P_H_matched_Y2,1,0,,
sens1_no_Pm_Tc,Y2:P_phys_fixed,0,2400,0,0.04791666667
sens1_no_Pm_Tc,Y2:P_phys_fixed,0.02,2400,0,0.01916666667
sens1_no_Pm_Tc,Y2:P_phys_fixed,0.05,2400,0,0.01916666667
sens1_no_Pm_Tc,Y2:P_phys_fixed,0.1,2400,0,0.02166666667
sens1_no_Pm_Tc,Y2:P_phys_fixed,0.25,2400,0,0.02958333333
sens1_no_Pm_Tc,Y2:P_phys_fixed,0.5,2400,0,0.01375
sens1_no_Pm_Tc,Y2:P_phys_fixed,0.75,2400,0,0.01833333333
sens1_no_Pm_Tc,Y2:P_phys_fixed,1,0,,
sens1_no_Pm_Tc,Y2:P_phys_matched_Y2,0,2400,0,0.04791666667
sens1_no_Pm_Tc,Y2:P_phys_matched_Y2,0.02,2400,0,0.02041666667
sens1_no_Pm_Tc,Y2:P_phys_matched_Y2,0.05,2400,0,0.01458333333
sens1_no_Pm_Tc,Y2:P_phys_matched_Y2,0.1,2400,0,0.02458333333
sens1_no_Pm_Tc,Y2:P_phys_matched_Y2,0.25,2400,0,0.01333333333
sens1_no_Pm_Tc,Y2:P_phys_matched_Y2,0.5,2400,0,0.01166666667
sens1_no_Pm_Tc,Y2:P_phys_matched_Y2,0.75,2400,0,0.0125
sens1_no_Pm_Tc,Y2:P_phys_matched_Y2,1,0,,
unscreened,Y1:P_H_fixed,0,2400,0,0.1033333333
unscreened,Y1:P_H_fixed,0.02,2400,0,0.05333333333
unscreened,Y1:P_H_fixed,0.05,2400,0,0.08583333333
unscreened,Y1:P_H_fixed,0.1,2400,0,0.06458333333
unscreened,Y1:P_H_fixed,0.25,2400,0,0.06625
unscreened,Y1:P_H_fixed,0.5,2400,0,0.06541666667
unscreened,Y1:P_H_fixed,0.75,2400,0,0.08041666667
unscreened,Y1:P_H_fixed,1,0,,
unscreened,Y2:P_H_fixed,0,2400,0,0.0725
unscreened,Y2:P_H_fixed,0.02,2400,0,0.0575
unscreened,Y2:P_H_fixed,0.05,2400,0,0.05
unscreened,Y2:P_H_fixed,0.1,2400,0,0.03833333333
unscreened,Y2:P_H_fixed,0.25,2400,0,0.01291666667
unscreened,Y2:P_H_fixed,0.5,2400,0,0.01333333333
unscreened,Y2:P_H_fixed,0.75,2400,0,0.01833333333
unscreened,Y2:P_H_fixed,1,0,,
unscreened,Y2:P_H_matched_Y2,0,2400,0,0.0725
unscreened,Y2:P_H_matched_Y2,0.02,2400,0,0.05833333333
unscreened,Y2:P_H_matched_Y2,0.05,2400,0,0.06666666667
unscreened,Y2:P_H_matched_Y2,0.1,2400,0,0.07416666667
unscreened,Y2:P_H_matched_Y2,0.25,2400,0,0.0425
unscreened,Y2:P_H_matched_Y2,0.5,2400,0,0.04541666667
unscreened,Y2:P_H_matched_Y2,0.75,2400,0,0.04875
unscreened,Y2:P_H_matched_Y2,1,0,,
