universe,cell,split_type,family,distinct_S_top_materials,rate_b0,rate_b0.5,ratio,boot_lo,boot_hi,valid_resamples
primary,Y1:P_H_fixed,random,AB2_139,5,0.07070707071,0.09090909091,1.285714286,0.09090909091,12,9749
primary,Y1:P_H_fixed,random,AB2_194,7,0.1972789116,0.1156462585,0.5862068966,0.1428571429,1.454545455,10000
primary,Y1:P_H_fixed,random,AB3_139,7,0.404109589,0.4452054795,1.101694915,0.8472222222,1.564102564,10000
primary,Y1:P_H_fixed,random,AB3_194,32,0.314159292,0.4631268437,1.474178404,1.181470307,1.915164294,10000
primary,Y1:P_H_fixed,random,AB3_221,28,0.07081545064,0.1802575107,2.545454545,1.555496454,4.947368421,10000
primary,Y1:P_H_fixed,random,ABC2_225,57,0.04296455424,0.0612244898,1.425,0.7307432432,4,10000
primary,Y1:P_H_fixed,random,AB_187,7,0.5185185185,0.6111111111,1.178571429,0.8791208791,1.592117446,10000
primary,Y1:P_H_fixed,random,AB_221,11,0.03669724771,0.123853211,3.375,1.555555556,12.5,9948
primary,Y1:P_H_fixed,random,Heusler:ABC2_225,57,0.04296455424,0.0612244898,1.425,0.7307432432,4,10000
primary,Y1:P_H_fixed,random,other,140,0.1928011404,0.245188881,1.271719039,1.118225835,1.502203883,10000
primary,Y1:P_H_fixed,chemsys,AB2_139,5,0.1272727273,0.1545454545,1.214285714,0.4,5.188333333,9975
primary,Y1:P_H_fixed,chemsys,AB2_194,7,0.1258741259,0.2097902098,1.666666667,0.8695652174,3.75,10000
primary,Y1:P_H_fixed,chemsys,AB3_139,7,0.3456790123,0.549382716,1.589285714,1.125,2.588394277,10000
primary,Y1:P_H_fixed,chemsys,AB3_194,33,0.3372781065,0.4334319527,1.285087719,0.9615384615,1.937952146,10000
primary,Y1:P_H_fixed,chemsys,AB3_221,28,0.08588957055,0.1738241309,2.023809524,1.236363636,3.76,10000
primary,Y1:P_H_fixed,chemsys,ABC2_225,57,0.04979674797,0.08943089431,1.795918367,0.8749640805,5.381043956,10000
primary,Y1:P_H_fixed,chemsys,AB_187,7,0.3007518797,0.3984962406,1.325,0.9215686275,2.285714286,10000
primary,Y1:P_H_fixed,chemsys,AB_221,10,0.03524229075,0.03964757709,1.125,0.3333333333,4,9938
primary,Y1:P_H_fixed,chemsys,Heusler:ABC2_225,57,0.04979674797,0.08943089431,1.795918367,0.8749640805,5.381043956,10000
primary,Y1:P_H_fixed,chemsys,other,140,0.1774134791,0.2484517304,1.400410678,1.149587425,1.852375776,10000
primary,Y1:P_phys_fixed,random,AB2_139,5,0.07070707071,0.0101010101,0.1428571429,0,2,9749
primary,Y1:P_phys_fixed,random,AB2_194,7,0.1972789116,0.3537414966,1.793103448,1.228571429,2.882352941,10000
primary,Y1:P_phys_fixed,random,AB3_139,7,0.404109589,0.6917808219,1.711864407,1.362318841,2.369628413,10000
primary,Y1:P_phys_fixed,random,AB3_194,32,0.314159292,0.5589970501,1.779342723,1.460623607,2.266303283,10000
primary,Y1:P_phys_fixed,random,AB3_221,28,0.07081545064,0.1716738197,2.424242424,1.599903846,4.333333333,10000
primary,Y1:P_phys_fixed,random,ABC2_225,57,0.04296455424,0.02577873255,0.6,0.2631578947,1.5,10000
primary,Y1:P_phys_fixed,random,AB_187,7,0.5185185185,0.8395061728,1.619047619,1.262626263,2.1875,10000
primary,Y1:P_phys_fixed,random,AB_221,11,0.03669724771,0,0,0,0,9948
primary,Y1:P_phys_fixed,random,Heusler:ABC2_225,57,0.04296455424,0.02577873255,0.6,0.2631578947,1.5,10000
primary,Y1:P_phys_fixed,random,other,140,0.1928011404,0.3196721311,1.658040665,1.450560843,1.983012756,10000
primary,Y1:P_phys_fixed,chemsys,AB2_139,5,0.1272727273,0.02727272727,0.2142857143,0,1,9975
primary,Y1:P_phys_fixed,chemsys,AB2_194,7,0.1258741259,0.4195804196,3.333333333,1.962962963,7.0025,10000
primary,Y1:P_phys_fixed,chemsys,AB3_139,7,0.3456790123,0.6419753086,1.857142857,1.306647059,3.057142857,10000
primary,Y1:P_phys_fixed,chemsys,AB3_194,33,0.3372781065,0.5281065089,1.565789474,1.214701557,2.258294406,10000
primary,Y1:P_phys_fixed,chemsys,AB3_221,28,0.08588957055,0.1738241309,2.023809524,1.339622642,3.307692308,10000
primary,Y1:P_phys_fixed,chemsys,ABC2_225,57,0.04979674797,0.02032520325,0.4081632653,0.1281914894,1.545568182,10000
primary,Y1:P_phys_fixed,chemsys,AB_187,7,0.3007518797,0.7218045113,2.4,1.631578947,4.318181818,10000
primary,Y1:P_phys_fixed,chemsys,AB_221,10,0.03524229075,0.004405286344,0.125,0,0.6666666667,9938
primary,Y1:P_phys_fixed,chemsys,Heusler:ABC2_225,57,0.04979674797,0.02032520325,0.4081632653,0.1281914894,1.545568182,10000
primary,Y1:P_phys_fixed,chemsys,other,140,0.1774134791,0.3154826958,1.778234086,1.418328809,2.43095146,10000
primary,Y2:P_H_fixed,random,AB2_194,8,0.1234567901,0.2592592593,2.1,0.9666666667,5,10000
primary,Y2:P_H_fixed,random,AB2_227,5,0.05208333333,0.2083333333,4,1.714285714,19,9550
primary,Y2:P_H_fixed,random,AB3_139,11,0.1921182266,0.2709359606,1.41025641,0.8571428571,2.95,10000
primary,Y2:P_H_fixed,random,AB3_194,14,0.07296137339,0.08154506438,1.117647059,0.6482114467,3.149404762,9990
primary,Y2:P_H_fixed,random,AB3_221,14,0.1080139373,0.1219512195,1.129032258,0.7777777778,1.666666667,10000
primary,Y2:P_H_fixed,random,AB4C8_139,5,0.1111111111,0.1111111111,1,0.2631578947,3.666666667,9992
primary,Y2:P_H_fixed,random,ABC2_225,36,0.02620087336,0.1411935953,5.388888889,2.11997619,20.4,10000
primary,Y2:P_H_fixed,random,AB_221,12,0.06504065041,0.1260162602,1.9375,0.8260230179,4.5,10000
primary,Y2:P_H_fixed,random,Heusler:ABC2_225,36,0.02620087336,0.1411935953,5.388888889,2.11997619,20.4,10000
primary,Y2:P_H_fixed,random,other,157,0.1649754501,0.2026186579,1.228174603,1.068639296,1.462617667,10000
primary,Y2:P_H_fixed,chemsys,AB2_194,8,0.119760479,0.2095808383,1.75,1,4.8,9999
primary,Y2:P_H_fixed,chemsys,AB2_227,5,0.05813953488,0.1860465116,3.2,0.6666666667,19,9859
primary,Y2:P_H_fixed,chemsys,AB3_139,12,0.3033175355,0.1895734597,0.625,0.2395796655,1.161302182,10000
primary,Y2:P_H_fixed,chemsys,AB3_194,14,0.09502262443,0.09049773756,0.9523809524,0.375,3,9998
primary,Y2:P_H_fixed,chemsys,AB3_221,14,0.1081081081,0.07432432432,0.6875,0.2820512821,1.285714286,10000
primary,Y2:P_H_fixed,chemsys,AB4C8_139,5,0.1810344828,0.09482758621,0.5238095238,0.1428571429,1.142857143,10000
primary,Y2:P_H_fixed,chemsys,ABC2_225,37,0.03898050975,0.179910045,4.615384615,2.658520539,10.83365385,10000
primary,Y2:P_H_fixed,chemsys,AB_221,13,0.075,0.1458333333,1.944444444,0.8214285714,5.444444444,10000
primary,Y2:P_H_fixed,chemsys,Heusler:ABC2_225,37,0.03898050975,0.179910045,4.615384615,2.658520539,10.83365385,10000
primary,Y2:P_H_fixed,chemsys,other,162,0.1757021555,0.1796211626,1.022304833,0.8704584575,1.224499822,10000
primary,Y2:P_H_matched_Y2,random,AB2_194,8,0.1234567901,0.2530864198,2.05,1,4.466764706,10000
primary,Y2:P_H_matched_Y2,random,AB2_227,5,0.05208333333,0.1458333333,2.8,1.142857143,14,9550
primary,Y2:P_H_matched_Y2,random,AB3_139,11,0.1921182266,0.4088669951,2.128205128,1.384558824,4.095357143,10000
primary,Y2:P_H_matched_Y2,random,AB3_194,14,0.07296137339,0.1115879828,1.529411765,0.5483870968,6.666666667,9990
primary,Y2:P_H_matched_Y2,random,AB3_221,14,0.1080139373,0.1951219512,1.806451613,1.333333333,2.608695652,10000
primary,Y2:P_H_matched_Y2,random,AB4C8_139,5,0.1111111111,0.3333333333,3,1.4,10.33333333,9992
primary,Y2:P_H_matched_Y2,random,ABC2_225,36,0.02620087336,0.1179039301,4.5,2.051282051,16.335,10000
primary,Y2:P_H_matched_Y2,random,AB_221,12,0.06504065041,0.09756097561,1.5,0.7826086957,2.916666667,10000
primary,Y2:P_H_matched_Y2,random,Heusler:ABC2_225,36,0.02620087336,0.1179039301,4.5,2.051282051,16.335,10000
primary,Y2:P_H_matched_Y2,random,other,157,0.1649754501,0.2238952537,1.357142857,1.192307692,1.567508765,10000
primary,Y2:P_H_matched_Y2,chemsys,AB2_194,8,0.119760479,0.2574850299,2.15,1.129032258,6.5,9999
primary,Y2:P_H_matched_Y2,chemsys,AB2_227,5,0.05813953488,0.1860465116,3.2,1.222222222,16,9859
primary,Y2:P_H_matched_Y2,chemsys,AB3_139,12,0.3033175355,0.308056872,1.015625,0.5915492958,1.690944056,10000
primary,Y2:P_H_matched_Y2,chemsys,AB3_194,14,0.09502262443,0.09049773756,0.9523809524,0.4642857143,3,9998
primary,Y2:P_H_matched_Y2,chemsys,AB3_221,14,0.1081081081,0.1182432432,1.09375,0.6956521739,1.782608696,10000
primary,Y2:P_H_matched_Y2,chemsys,AB4C8_139,5,0.1810344828,0.2413793103,1.333333333,0.652173913,3,10000
primary,Y2:P_H_matched_Y2,chemsys,ABC2_225,37,0.03898050975,0.1769115442,4.538461538,2.6,11,10000
primary,Y2:P_H_matched_Y2,chemsys,AB_221,13,0.075,0.1208333333,1.611111111,0.919972973,3.637121212,10000
primary,Y2:P_H_matched_Y2,chemsys,Heusler:ABC2_225,37,0.03898050975,0.1769115442,4.538461538,2.6,11,10000
primary,Y2:P_H_matched_Y2,chemsys,other,162,0.1757021555,0.216198563,1.230483271,1.068906044,1.468825755,10000
primary,Y2:P_phys_fixed,random,AB2_194,8,0.1234567901,0.2098765432,1.7,1.125,2.785714286,10000
primary,Y2:P_phys_fixed,random,AB2_227,5,0.05208333333,0.25,4.8,2,24,9550
primary,Y2:P_phys_fixed,random,AB3_139,11,0.1921182266,0.039408867,0.2051282051,0.05172413793,0.4411764706,10000
primary,Y2:P_phys_fixed,random,AB3_194,14,0.07296137339,0.1201716738,1.647058824,0.7428571429,5.5,9990
primary,Y2:P_phys_fixed,random,AB3_221,14,0.1080139373,0.08710801394,0.8064516129,0.5,1.222222222,10000
primary,Y2:P_phys_fixed,random,AB4C8_139,5,0.1111111111,0,0,0,0,9992
primary,Y2:P_phys_fixed,random,ABC2_225,36,0.02620087336,0.03056768559,1.166666667,0.375,4.5,10000
primary,Y2:P_phys_fixed,random,AB_221,12,0.06504065041,0.1056910569,1.625,0.7619047619,3.75,10000
primary,Y2:P_phys_fixed,random,Heusler:ABC2_225,36,0.02620087336,0.03056768559,1.166666667,0.375,4.5,10000
primary,Y2:P_phys_fixed,random,other,157,0.1649754501,0.1535188216,0.9305555556,0.8154114971,1.10607349,10000
primary,Y2:P_phys_fixed,chemsys,AB2_194,8,0.119760479,0.2634730539,2.2,1.071428571,5.625,9999
primary,Y2:P_phys_fixed,chemsys,AB2_227,5,0.05813953488,0.2558139535,4.4,1.714285714,20,9859
primary,Y2:P_phys_fixed,chemsys,AB3_139,12,0.3033175355,0.07109004739,0.234375,0.1034482759,0.4230769231,10000
primary,Y2:P_phys_fixed,chemsys,AB3_194,14,0.09502262443,0.1900452489,2,1.032258065,5.333333333,9998
primary,Y2:P_phys_fixed,chemsys,AB3_221,14,0.1081081081,0.04054054054,0.375,0.1227980666,0.7333333333,10000
primary,Y2:P_phys_fixed,chemsys,AB4C8_139,5,0.1810344828,0,0,0,0,10000
primary,Y2:P_phys_fixed,chemsys,ABC2_225,37,0.03898050975,0.02848575712,0.7307692308,0.3269132653,1.8,10000
primary,Y2:P_phys_fixed,chemsys,AB_221,13,0.075,0.08333333333,1.111111111,0.5263157895,2.375,10000
primary,Y2:P_phys_fixed,chemsys,Heusler:ABC2_225,37,0.03898050975,0.02848575712,0.7307692308,0.3269132653,1.8,10000
primary,Y2:P_phys_fixed,chemsys,other,162,0.1757021555,0.1574134553,0.8959107807,0.7783333333,1.06683262,10000
primary,Y2:P_phys_matched_Y2,random,AB2_194,8,0.1234567901,0.2222222222,1.8,1.149953704,3,10000
primary,Y2:P_phys_matched_Y2,random,AB2_227,5,0.05208333333,0.2083333333,4,1.666666667,19,9550
primary,Y2:P_phys_matched_Y2,random,AB3_139,11,0.1921182266,0.1133004926,0.5897435897,0.3611111111,1,10000
primary,Y2:P_phys_matched_Y2,random,AB3_194,14,0.07296137339,0.05150214592,0.7058823529,0.2,2.5,9990
primary,Y2:P_phys_matched_Y2,random,AB3_221,14,0.1080139373,0.08013937282,0.7419354839,0.45,1.142989418,10000
primary,Y2:P_phys_matched_Y2,random,AB4C8_139,5,0.1111111111,0.05555555556,0.5,0,2.2,9992
primary,Y2:P_phys_matched_Y2,random,ABC2_225,36,0.02620087336,0.03493449782,1.333333333,0.4571428571,5.333333333,10000
primary,Y2:P_phys_matched_Y2,random,AB_221,12,0.06504065041,0.07723577236,1.1875,0.5833333333,2.5,10000
primary,Y2:P_phys_matched_Y2,random,Heusler:ABC2_225,36,0.02620087336,0.03493449782,1.333333333,0.4571428571,5.333333333,10000
primary,Y2:P_phys_matched_Y2,random,other,157,0.1649754501,0.2127659574,1.28968254,1.139820081,1.514033393,10000
primary,Y2:P_phys_matched_Y2,chemsys,AB2_194,8,0.119760479,0.2395209581,2,0.9285714286,5.4,9999
primary,Y2:P_phys_matched_Y2,chemsys,AB2_227,5,0.05813953488,0.1627906977,2.8,1.111111111,11,9859
primary,Y2:P_phys_matched_Y2,chemsys,AB3_139,12,0.3033175355,0.1800947867,0.59375,0.3466538462,1.119047619,10000
primary,Y2:P_phys_matched_Y2,chemsys,AB3_194,14,0.09502262443,0.1040723982,1.095238095,0.4736842105,3,9998
primary,Y2:P_phys_matched_Y2,chemsys,AB3_221,14,0.1081081081,0.03716216216,0.34375,0.1,0.659280303,10000
primary,Y2:P_phys_matched_Y2,chemsys,AB4C8_139,5,0.1810344828,0.1465517241,0.8095238095,0.4230769231,1.571428571,10000
primary,Y2:P_phys_matched_Y2,chemsys,ABC2_225,37,0.03898050975,0.03748125937,0.9615384615,0.4791666667,2.363636364,10000
primary,Y2:P_phys_matched_Y2,chemsys,AB_221,13,0.075,0.1333333333,1.777777778,1.2,3.5,10000
primary,Y2:P_phys_matched_Y2,chemsys,Heusler:ABC2_225,37,0.03898050975,0.03748125937,0.9615384615,0.4791666667,2.363636364,10000
primary,Y2:P_phys_matched_Y2,chemsys,other,162,0.1757021555,0.2237099935,1.273234201,1.097513763,1.548534691,10000
sens1_no_Pm_Tc,Y1:P_H_fixed,random,AB2_194,7,0.1156462585,0.1224489796,1.058823529,0.2691025641,2.933888889,9999
sens1_no_Pm_Tc,Y1:P_H_fixed,random,AB2_227,5,0.02777777778,0.07407407407,2.666666667,0.6666666667,11,7879
sens1_no_Pm_Tc,Y1:P_H_fixed,random,AB3_139,7,0.4890510949,0.5839416058,1.194029851,0.873559581,1.790721899,10000
sens1_no_Pm_Tc,Y1:P_H_fixed,random,AB3_194,23,0.3427419355,0.5201612903,1.517647059,1.257564935,1.914095553,10000
sens1_no_Pm_Tc,Y1:P_H_fixed,random,AB3_221,28,0.1222879684,0.2130177515,1.741935484,1.197183099,2.804878049,10000
sens1_no_Pm_Tc,Y1:P_H_fixed,random,AB3_223,5,0.1212121212,0.1666666667,1.375,0.6666666667,4,9944
sens1_no_Pm_Tc,Y1:P_H_fixed,random,ABC2_225,54,0.03691639522,0.07057546145,1.911764706,1.037735849,4.333333333,10000
sens1_no_Pm_Tc,Y1:P_H_fixed,random,AB_187,6,0.4829931973,0.6598639456,1.366197183,1.071428571,1.760877677,10000
sens1_no_Pm_Tc,Y1:P_H_fixed,random,AB_221,9,0.02688172043,0.1182795699,4.4,1.7,20,9736
sens1_no_Pm_Tc,Y1:P_H_fixed,random,Heusler:ABC2_225,54,0.03691639522,0.07057546145,1.911764706,1.037735849,4.333333333,10000
sens1_no_Pm_Tc,Y1:P_H_fixed,random,other,132,0.2023493748,0.2625994695,1.297752809,1.137873682,1.555068664,10000
sens1_no_Pm_Tc,Y1:P_H_fixed,chemsys,AB2_194,7,0.2183098592,0.1549295775,0.7096774194,0.3043478261,1.545454545,10000
sens1_no_Pm_Tc,Y1:P_H_fixed,chemsys,AB2_227,5,0.08421052632,0.1368421053,1.625,0.5,7,9889
sens1_no_Pm_Tc,Y1:P_H_fixed,chemsys,AB3_139,7,0.5,0.5068493151,1.01369863,0.7634337861,1.358215995,10000
sens1_no_Pm_Tc,Y1:P_H_fixed,chemsys,AB3_194,23,0.3105590062,0.4720496894,1.52,1.123578244,2.123809524,10000
sens1_no_Pm_Tc,Y1:P_H_fixed,chemsys,AB3_221,28,0.1135531136,0.2051282051,1.806451613,1.296296296,2.871794872,10000
sens1_no_Pm_Tc,Y1:P_H_fixed,chemsys,AB3_223,5,0.1267605634,0.2816901408,2.222222222,1.2,6.333333333,9987
sens1_no_Pm_Tc,Y1:P_H_fixed,chemsys,ABC2_225,53,0.0531154239,0.1062308478,2,1.227818565,3.709698642,10000
sens1_no_Pm_Tc,Y1:P_H_fixed,chemsys,AB_187,6,0.4434782609,0.3826086957,0.862745098,0.5692307692,1.375,10000
sens1_no_Pm_Tc,Y1:P_H_fixed,chemsys,AB_221,9,0.0358974359,0.07179487179,2,0.5,12,9726
sens1_no_Pm_Tc,Y1:P_H_fixed,chemsys,Heusler:ABC2_225,53,0.0531154239,0.1062308478,2,1.227818565,3.709698642,10000
sens1_no_Pm_Tc,Y1:P_H_fixed,chemsys,other,132,0.2083818393,0.246798603,1.184357542,1.037035548,1.403801617,10000
sens1_no_Pm_Tc,Y1:P_phys_fixed,random,AB2_194,7,0.1156462585,0.4081632653,3.529411765,2.24,7.625,9999
sens1_no_Pm_Tc,Y1:P_phys_fixed,random,AB2_227,5,0.02777777778,0.07407407407,2.666666667,0.5,11,7879
sens1_no_Pm_Tc,Y1:P_phys_fixed,random,AB3_139,7,0.4890510949,0.7372262774,1.507462687,1.146334612,2.230813953,10000
sens1_no_Pm_Tc,Y1:P_phys_fixed,random,AB3_194,23,0.3427419355,0.5362903226,1.564705882,1.288457207,1.985074627,10000
sens1_no_Pm_Tc,Y1:P_phys_fixed,random,AB3_221,28,0.1222879684,0.16765286,1.370967742,0.9799897959,2.041666667,10000
sens1_no_Pm_Tc,Y1:P_phys_fixed,random,AB3_223,5,0.1212121212,0.06060606061,0.5,0,2.5,9944
sens1_no_Pm_Tc,Y1:P_phys_fixed,random,ABC2_225,54,0.03691639522,0.05754614549,1.558823529,0.8297568389,3.611111111,10000
sens1_no_Pm_Tc,Y1:P_phys_fixed,random,AB_187,6,0.4829931973,0.7959183673,1.647887324,1.333333333,2.188703643,10000
sens1_no_Pm_Tc,Y1:P_phys_fixed,random,AB_221,9,0.02688172043,0.01075268817,0.4,0,4,9736
sens1_no_Pm_Tc,Y1:P_phys_fixed,random,Heusler:ABC2_225,54,0.03691639522,0.05754614549,1.558823529,0.8297568389,3.611111111,10000
sens1_no_Pm_Tc,Y1:P_phys_fixed,random,other,132,0.2023493748,0.315270936,1.558052434,1.364529255,1.869079656,10000
sens1_no_Pm_Tc,Y1:P_phys_fixed,chemsys,AB2_194,7,0.2183098592,0.4788732394,2.193548387,1.590909091,3.333333333,10000
sens1_no_Pm_Tc,Y1:P_phys_fixed,chemsys,AB2_227,5,0.08421052632,0.07368421053,0.875,0.1428571429,3.5,9889
sens1_no_Pm_Tc,Y1:P_phys_fixed,chemsys,AB3_139,7,0.5,0.7123287671,1.424657534,1.177068015,1.851851852,10000
sens1_no_Pm_Tc,Y1:P_phys_fixed,chemsys,AB3_194,23,0.3105590062,0.6169772257,1.986666667,1.550788699,2.789002897,10000
sens1_no_Pm_Tc,Y1:P_phys_fixed,chemsys,AB3_221,28,0.1135531136,0.1684981685,1.483870968,1.075925633,2.311145833,10000
sens1_no_Pm_Tc,Y1:P_phys_fixed,chemsys,AB3_223,5,0.1267605634,0.1830985915,1.444444444,0.6666666667,3.6,9987
sens1_no_Pm_Tc,Y1:P_phys_fixed,chemsys,ABC2_225,53,0.0531154239,0.03370786517,0.6346153846,0.3220338983,1.307692308,10000
sens1_no_Pm_Tc,Y1:P_phys_fixed,chemsys,AB_187,6,0.4434782609,0.8086956522,1.823529412,1.460521094,2.592621528,10000
sens1_no_Pm_Tc,Y1:P_phys_fixed,chemsys,AB_221,9,0.0358974359,0,0,0,0,9726
sens1_no_Pm_Tc,Y1:P_phys_fixed,chemsys,Heusler:ABC2_225,53,0.0531154239,0.03370786517,0.6346153846,0.3220338983,1.307692308,10000
sens1_no_Pm_Tc,Y1:P_phys_fixed,chemsys,other,132,0.2083818393,0.3302289484,1.584729981,1.403059321,1.885233488,10000
sens1_no_Pm_Tc,Y2:P_H_fixed,random,AB2_194,8,0.08024691358,0.2530864198,3.153846154,1.352941176,7.625,10000
sens1_no_Pm_Tc,Y2:P_H_fixed,random,AB2_227,5,0.08333333333,0.1041666667,1.25,0.375,4,9965
sens1_no_Pm_Tc,Y2:P_H_fixed,random,AB3_139,12,0.2258064516,0.3041474654,1.346938776,0.8484848485,2.085714286,10000
sens1_no_Pm_Tc,Y2:P_H_fixed,random,AB3_194,7,0.09090909091,0.1590909091,1.75,0.8125,5.4,9981
sens1_no_Pm_Tc,Y2:P_H_fixed,random,AB3_221,14,0.09473684211,0.1263157895,1.333333333,0.8620689655,2.230769231,10000
sens1_no_Pm_Tc,Y2:P_H_fixed,random,AB4C8_139,5,0.05555555556,0.1444444444,2.6,0.9320238095,13,9350
sens1_no_Pm_Tc,Y2:P_H_fixed,random,ABC2_225,34,0.05835962145,0.1735015773,2.972972973,1.594594595,8.786071429,10000
sens1_no_Pm_Tc,Y2:P_H_fixed,random,AB_221,12,0.07264957265,0.1153846154,1.588235294,0.75,3.5,10000
sens1_no_Pm_Tc,Y2:P_H_fixed,random,Heusler:ABC2_225,34,0.05835962145,0.1735015773,2.972972973,1.594594595,8.786071429,10000
sens1_no_Pm_Tc,Y2:P_H_fixed,random,other,153,0.1701982228,0.2053998633,1.206827309,1.030100038,1.440393548,10000
sens1_no_Pm_Tc,Y2:P_H_fixed,chemsys,AB2_194,9,0.1360946746,0.224852071,1.652173913,0.8974137931,3.083333333,10000
sens1_no_Pm_Tc,Y2:P_H_fixed,chemsys,AB2_227,5,0.06896551724,0.1954022989,2.833333333,1.166666667,10,9960
sens1_no_Pm_Tc,Y2:P_H_fixed,chemsys,AB3_139,12,0.2387387387,0.1981981982,0.8301886792,0.352920464,1.690521978,10000
sens1_no_Pm_Tc,Y2:P_H_fixed,chemsys,AB3_194,8,0.03333333333,0.1416666667,4.25,1.333333333,21,9654
sens1_no_Pm_Tc,Y2:P_H_fixed,chemsys,AB3_221,15,0.08305647841,0.07641196013,0.92,0.52,1.333333333,10000
sens1_no_Pm_Tc,Y2:P_H_fixed,chemsys,AB4C8_139,5,0.1666666667,0.1333333333,0.8,0.3125,2.285714286,10000
sens1_no_Pm_Tc,Y2:P_H_fixed,chemsys,ABC2_225,35,0.07053291536,0.1912225705,2.711111111,1.641791045,5.1,10000
sens1_no_Pm_Tc,Y2:P_H_fixed,chemsys,AB_221,12,0.07798165138,0.1605504587,2.058823529,1,4.7,10000
sens1_no_Pm_Tc,Y2:P_H_fixed,chemsys,Heusler:ABC2_225,35,0.07053291536,0.1912225705,2.711111111,1.641791045,5.1,10000
sens1_no_Pm_Tc,Y2:P_H_fixed,chemsys,other,155,0.1788283659,0.188420692,1.053639847,0.8842073393,1.259603837,10000
sens1_no_Pm_Tc,Y2:P_H_matched_Y2,random,AB2_194,8,0.08024691358,0.2962962963,3.692307692,1.9375,8.1675,10000
sens1_no_Pm_Tc,Y2:P_H_matched_Y2,random,AB2_227,5,0.08333333333,0.1770833333,2.125,1.111111111,6.65,9965
sens1_no_Pm_Tc,Y2:P_H_matched_Y2,random,AB3_139,12,0.2258064516,0.3917050691,1.734693878,1.267850855,2.46671875,10000
sens1_no_Pm_Tc,Y2:P_H_matched_Y2,random,AB3_194,7,0.09090909091,0.1893939394,2.083333333,1.05,7,9981
sens1_no_Pm_Tc,Y2:P_H_matched_Y2,random,AB3_221,14,0.09473684211,0.1754385965,1.851851852,1.21208134,3.333333333,10000
sens1_no_Pm_Tc,Y2:P_H_matched_Y2,random,AB4C8_139,5,0.05555555556,0.2888888889,5.2,1.6,27.275,9350
sens1_no_Pm_Tc,Y2:P_H_matched_Y2,random,ABC2_225,34,0.05835962145,0.1372239748,2.351351351,1.116648551,7.267142857,10000
sens1_no_Pm_Tc,Y2:P_H_matched_Y2,random,AB_221,12,0.07264957265,0.09829059829,1.352941176,0.6315789474,3,10000
sens1_no_Pm_Tc,Y2:P_H_matched_Y2,random,Heusler:ABC2_225,34,0.05835962145,0.1372239748,2.351351351,1.116648551,7.267142857,10000
sens1_no_Pm_Tc,Y2:P_H_matched_Y2,random,other,153,0.1701982228,0.2310321258,1.357429719,1.153297683,1.626457066,10000
sens1_no_Pm_Tc,Y2:P_H_matched_Y2,chemsys,AB2_194,9,0.1360946746,0.201183432,1.47826087,0.8,2.75,10000
sens1_no_Pm_Tc,Y2:P_H_matched_Y2,chemsys,AB2_227,5,0.06896551724,0.2068965517,3,1.6,10,9960
sens1_no_Pm_Tc,Y2:P_H_matched_Y2,chemsys,AB3_139,12,0.2387387387,0.2567567568,1.075471698,0.5945945946,1.936203457,10000
sens1_no_Pm_Tc,Y2:P_H_matched_Y2,chemsys,AB3_194,8,0.03333333333,0.2,6,2.5,27,9654
sens1_no_Pm_Tc,Y2:P_H_matched_Y2,chemsys,AB3_221,15,0.08305647841,0.1129568106,1.36,0.8484848485,2.1,10000
sens1_no_Pm_Tc,Y2:P_H_matched_Y2,chemsys,AB4C8_139,5,0.1666666667,0.225,1.35,0.6129032258,3.545454545,10000
sens1_no_Pm_Tc,Y2:P_H_matched_Y2,chemsys,ABC2_225,35,0.07053291536,0.1739811912,2.466666667,1.507462687,4.666964286,10000
sens1_no_Pm_Tc,Y2:P_H_matched_Y2,chemsys,AB_221,12,0.07798165138,0.119266055,1.529411765,0.6956521739,3.571428571,10000
sens1_no_Pm_Tc,Y2:P_H_matched_Y2,chemsys,Heusler:ABC2_225,35,0.07053291536,0.1739811912,2.466666667,1.507462687,4.666964286,10000
sens1_no_Pm_Tc,Y2:P_H_matched_Y2,chemsys,other,155,0.1788283659,0.2089756766,1.168582375,0.9948184287,1.396534343,10000
sens1_no_Pm_Tc,Y2:P_phys_fixed,random,AB2_194,8,0.08024691358,0.1913580247,2.384615385,1.3125,4.777777778,10000
sens1_no_Pm_Tc,Y2:P_phys_fixed,random,AB2_227,5,0.08333333333,0.2291666667,2.75,1.375,8,9965
sens1_no_Pm_Tc,Y2:P_phys_fixed,random,AB3_139,12,0.2258064516,0.0599078341,0.2653061224,0.1025641026,0.4717112159,10000
sens1_no_Pm_Tc,Y2:P_phys_fixed,random,AB3_194,7,0.09090909091,0.07575757576,0.8333333333,0.1818181818,1.816666667,9981
sens1_no_Pm_Tc,Y2:P_phys_fixed,random,AB3_221,14,0.09473684211,0.1052631579,1.111111111,0.75,1.882352941,10000
sens1_no_Pm_Tc,Y2:P_phys_fixed,random,AB4C8_139,5,0.05555555556,0,0,0,0,9350
sens1_no_Pm_Tc,Y2:P_phys_fixed,random,ABC2_225,34,0.05835962145,0.02523659306,0.4324324324,0.1351351351,1.5,10000
sens1_no_Pm_Tc,Y2:P_phys_fixed,random,AB_221,12,0.07264957265,0.1068376068,1.470588235,0.7,3.222222222,10000
sens1_no_Pm_Tc,Y2:P_phys_fixed,random,Heusler:ABC2_225,34,0.05835962145,0.02523659306,0.4324324324,0.1351351351,1.5,10000
sens1_no_Pm_Tc,Y2:P_phys_fixed,random,other,153,0.1701982228,0.1551606288,0.9116465863,0.7744081439,1.096701832,10000
sens1_no_Pm_Tc,Y2:P_phys_fixed,chemsys,AB2_194,9,0.1360946746,0.224852071,1.652173913,0.9374495968,2.687620192,10000
sens1_no_Pm_Tc,Y2:P_phys_fixed,chemsys,AB2_227,5,0.06896551724,0.2528735632,3.666666667,1.666666667,13,9960
sens1_no_Pm_Tc,Y2:P_phys_fixed,chemsys,AB3_139,12,0.2387387387,0.05405405405,0.2264150943,0.09523809524,0.4666666667,10000
sens1_no_Pm_Tc,Y2:P_phys_fixed,chemsys,AB3_194,8,0.03333333333,0.15,4.5,1.5,20,9654
sens1_no_Pm_Tc,Y2:P_phys_fixed,chemsys,AB3_221,15,0.08305647841,0.04983388704,0.6,0.2608293076,1.090909091,10000
sens1_no_Pm_Tc,Y2:P_phys_fixed,chemsys,AB4C8_139,5,0.1666666667,0,0,0,0,10000
sens1_no_Pm_Tc,Y2:P_phys_fixed,chemsys,ABC2_225,35,0.07053291536,0.03761755486,0.5333333333,0.2727272727,1.173913043,10000
sens1_no_Pm_Tc,Y2:P_phys_fixed,chemsys,AB_221,12,0.07798165138,0.0871559633,1.117647059,0.4283834586,2.428571429,10000
sens1_no_Pm_Tc,Y2:P_phys_fixed,chemsys,Heusler:ABC2_225,35,0.07053291536,0.03761755486,0.5333333333,0.2727272727,1.173913043,10000
sens1_no_Pm_Tc,Y2:P_phys_fixed,chemsys,other,155,0.1788283659,0.1589585474,0.8888888889,0.7791075047,1.043213122,10000
sens1_no_Pm_Tc,Y2:P_phys_matched_Y2,random,AB2_194,8,0.08024691358,0.1666666667,2.076923077,0.908982684,4.375625,10000
sens1_no_Pm_Tc,Y2:P_phys_matched_Y2,random,AB2_227,5,0.08333333333,0.1979166667,2.375,1.214285714,6.5,9965
sens1_no_Pm_Tc,Y2:P_phys_matched_Y2,random,AB3_139,12,0.2258064516,0.1105990783,0.4897959184,0.2727272727,0.8095559846,10000
sens1_no_Pm_Tc,Y2:P_phys_matched_Y2,random,AB3_194,7,0.09090909091,0.03787878788,0.4166666667,0,1.5,9981
sens1_no_Pm_Tc,Y2:P_phys_matched_Y2,random,AB3_221,14,0.09473684211,0.09473684211,1,0.6315789474,1.6875,10000
sens1_no_Pm_Tc,Y2:P_phys_matched_Y2,random,AB4C8_139,5,0.05555555556,0.08888888889,1.6,0.5,7,9350
sens1_no_Pm_Tc,Y2:P_phys_matched_Y2,random,ABC2_225,34,0.05835962145,0.04416403785,0.7567567568,0.3417384864,2.272727273,10000
sens1_no_Pm_Tc,Y2:P_phys_matched_Y2,random,AB_221,12,0.07264957265,0.08974358974,1.235294118,0.6086956522,2.6,10000
sens1_no_Pm_Tc,Y2:P_phys_matched_Y2,random,Heusler:ABC2_225,34,0.05835962145,0.04416403785,0.7567567568,0.3417384864,2.272727273,10000
sens1_no_Pm_Tc,Y2:P_phys_matched_Y2,random,other,153,0.1701982228,0.2204374573,1.295180723,1.135888028,1.510638298,10000
sens1_no_Pm_Tc,Y2:P_phys_matched_Y2,chemsys,AB2_194,9,0.1360946746,0.1715976331,1.260869565,0.6666666667,2.157894737,10000
sens1_no_Pm_Tc,Y2:P_phys_matched_Y2,chemsys,AB2_227,5,0.06896551724,0.1724137931,2.5,1.125,9,9960
sens1_no_Pm_Tc,Y2:P_phys_matched_Y2,chemsys,AB3_139,12,0.2387387387,0.1711711712,0.7169811321,0.4426229508,1.23255814,10000
sens1_no_Pm_Tc,Y2:P_phys_matched_Y2,chemsys,AB3_194,8,0.03333333333,0.125,3.75,1.4,14,9654
sens1_no_Pm_Tc,Y2:P_phys_matched_Y2,chemsys,AB3_221,15,0.08305647841,0.04651162791,0.56,0.2424242424,1,10000
sens1_no_Pm_Tc,Y2:P_phys_matched_Y2,chemsys,AB4C8_139,5,0.1666666667,0.125,0.75,0.3666666667,1.8,10000
sens1_no_Pm_Tc,Y2:P_phys_matched_Y2,chemsys,ABC2_225,35,0.07053291536,0.03761755486,0.5333333333,0.3142774086,1,10000
sens1_no_Pm_Tc,Y2:P_phys_matched_Y2,chemsys,AB_221,12,0.07798165138,0.1376146789,1.764705882,0.9545454545,3.9,10000
sens1_no_Pm_Tc,Y2:P_phys_matched_Y2,chemsys,Heusler:ABC2_225,35,0.07053291536,0.03761755486,0.5333333333,0.3142774086,1,10000
sens1_no_Pm_Tc,Y2:P_phys_matched_Y2,chemsys,other,155,0.1788283659,0.2326139089,1.300766284,1.179439205,1.5,10000
unscreened,Y1:P_H_fixed,random,AB2_139,5,0.07070707071,0.0303030303,0.4285714286,0,3.5,9758
unscreened,Y1:P_H_fixed,random,AB2_194,8,0.1294117647,0.07647058824,0.5909090909,0.07142857143,1.923076923,9997
unscreened,Y1:P_H_fixed,random,AB2_227,5,0.04545454545,0.04545454545,1,0.06130514706,7,9028
unscreened,Y1:P_H_fixed,random,AB3_139,8,0.3352941176,0.3823529412,1.140350877,0.8333333333,1.853658537,10000
unscreened,Y1:P_H_fixed,random,AB3_194,33,0.2542857143,0.3642857143,1.43258427,1.066963819,2.057900685,10000
unscreened,Y1:P_H_fixed,random,AB3_221,37,0.07464788732,0.1535211268,2.056603774,1.394716906,3.552786378,10000
unscreened,Y1:P_H_fixed,random,AB3_223,9,0.07738095238,0.08333333333,1.076923077,0.3521323529,3.666666667,9990
unscreened,Y1:P_H_fixed,random,ABC2_225,82,0.05081157375,0.067748765,1.333333333,0.7764705882,2.800121951,10000
unscreened,Y1:P_H_fixed,random,AB_123,5,0.03448275862,0.05747126437,1.666666667,0,8,7777
unscreened,Y1:P_H_fixed,random,AB_187,7,0.3580246914,0.549382716,1.534482759,1.012345679,2.727334152,10000
unscreened,Y1:P_H_fixed,random,AB_221,13,0.02352941176,0.07450980392,3.166666667,1.285714286,14,9869
unscreened,Y1:P_H_fixed,random,AB_51,5,0.03125,0.09375,3,0.5,14,9071
unscreened,Y1:P_H_fixed,random,Heusler:ABC2_225,82,0.05081157375,0.067748765,1.333333333,0.7764705882,2.800121951,10000
unscreened,Y1:P_H_fixed,random,other,173,0.146514936,0.1877667141,1.281553398,1.040197521,1.710415265,10000
unscreened,Y1:P_H_fixed,chemsys,AB2_139,5,0.07272727273,0.09090909091,1.25,0.3333333333,7,9776
unscreened,Y1:P_H_fixed,chemsys,AB2_194,8,0.1090909091,0.1090909091,1,0.3125,3.2,10000
unscreened,Y1:P_H_fixed,chemsys,AB2_227,5,0.04901960784,0.06862745098,1.4,0.5,5,9852
unscreened,Y1:P_H_fixed,chemsys,AB3_139,8,0.3220338983,0.4406779661,1.368421053,0.9814814815,2.174052397,10000
unscreened,Y1:P_H_fixed,chemsys,AB3_194,33,0.2827988338,0.3804664723,1.345360825,1.008228773,2.050043103,10000
unscreened,Y1:P_H_fixed,chemsys,AB3_221,37,0.08587257618,0.1565096953,1.822580645,1.082348912,3.085106383,10000
unscreened,Y1:P_H_fixed,chemsys,AB3_223,10,0.06666666667,0.1444444444,2.166666667,1.230769231,4.715178571,10000
unscreened,Y1:P_H_fixed,chemsys,ABC2_225,85,0.04077669903,0.08220064725,2.015873016,1.061839891,4.774283154,10000
unscreened,Y1:P_H_fixed,chemsys,AB_123,5,0,0.02666666667,,,,0
unscreened,Y1:P_H_fixed,chemsys,AB_187,7,0.3308270677,0.2857142857,0.8636363636,0.5454545455,1.346153846,10000
unscreened,Y1:P_H_fixed,chemsys,AB_221,13,0.04905660377,0.06037735849,1.230769231,0.4166666667,2.571428571,9999
unscreened,Y1:P_H_fixed,chemsys,AB_51,5,0.0303030303,0.06060606061,2,0,9,9069
unscreened,Y1:P_H_fixed,chemsys,Heusler:ABC2_225,85,0.04077669903,0.08220064725,2.015873016,1.061839891,4.774283154,10000
unscreened,Y1:P_H_fixed,chemsys,other,174,0.1538461538,0.1895078102,1.231800766,1.060297406,1.476632506,10000
unscreened,Y2:P_H_fixed,random,AB12_139,5,0.4774774775,0.8558558559,1.79245283,1.379310345,2.529474343,10000
unscreened,Y2:P_H_fixed,random,AB2_139,5,0.0303030303,0.06060606061,2,0,9,7786
unscreened,Y2:P_H_fixed,random,AB2_194,10,0.09574468085,0.2765957447,2.888888889,1.310344828,7,10000
unscreened,Y2:P_H_fixed,random,AB2_227,7,0.09448818898,0.2755905512,2.916666667,1.36,12.5,9958
unscreened,Y2:P_H_fixed,random,AB3_139,15,0.1418439716,0.1843971631,1.3,0.7272727273,2.571428571,10000
unscreened,Y2:P_H_fixed,random,AB3_194,14,0.03985507246,0.03985507246,1,0.1764705882,3.666666667,9985
unscreened,Y2:P_H_fixed,random,AB3_221,19,0.07336956522,0.07880434783,1.074074074,0.5881845842,2.12513587,10000
unscreened,Y2:P_H_fixed,random,AB3_223,8,0.0487804878,0.01829268293,0.375,0,1.25,9907
unscreened,Y2:P_H_fixed,random,AB4C8_139,7,0.056,0.064,1.142857143,0,8.5,9874
unscreened,Y2:P_H_fixed,random,ABC2_225,52,0.03617810761,0.09925788497,2.743589744,1.481481481,6.588235294,10000
unscreened,Y2:P_H_fixed,random,AB_221,14,0.05555555556,0.1041666667,1.875,1.03012987,5.75,9997
unscreened,Y2:P_H_fixed,random,Heusler:ABC2_225,52,0.03617810761,0.09925788497,2.743589744,1.481481481,6.588235294,10000
unscreened,Y2:P_H_fixed,random,other,198,0.1338174274,0.1680497925,1.255813953,1.08630074,1.47722466,10000
unscreened,Y2:P_H_fixed,chemsys,AB12_139,5,0.5392156863,0.8529411765,1.581818182,1.2,2.294197138,10000
unscreened,Y2:P_H_fixed,chemsys,AB2_139,5,0.008771929825,0.1315789474,15,3,22,5197
unscreened,Y2:P_H_fixed,chemsys,AB2_194,10,0.07692307692,0.2,2.6,1.221497585,8.439285714,9995
unscreened,Y2:P_H_fixed,chemsys,AB2_227,7,0.09734513274,0.185840708,1.909090909,0.9166666667,4.5,9997
unscreened,Y2:P_H_fixed,chemsys,AB3_139,15,0.1915584416,0.1201298701,0.6271186441,0.2923076923,1.325,10000
unscreened,Y2:P_H_fixed,chemsys,AB3_194,15,0.1086956522,0.0615942029,0.5666666667,0.1902914614,2.6,9992
unscreened,Y2:P_H_fixed,chemsys,AB3_221,19,0.08157894737,0.06052631579,0.7419354839,0.3928571429,1.384722222,10000
unscreened,Y2:P_H_fixed,chemsys,AB3_223,8,0.01315789474,0.02631578947,2,0,7,7784
unscreened,Y2:P_H_fixed,chemsys,AB4C8_139,7,0.0487804878,0.0243902439,0.5,0,3.5,9752
unscreened,Y2:P_H_fixed,chemsys,ABC2_225,53,0.04265402844,0.1336492891,3.133333333,1.761886994,7.529926471,10000
unscreened,Y2:P_H_fixed,chemsys,AB_221,14,0.06071428571,0.1071428571,1.764705882,0.9333333333,3.6,10000
unscreened,Y2:P_H_fixed,chemsys,Heusler:ABC2_225,53,0.04265402844,0.1336492891,3.133333333,1.761886994,7.529926471,10000
unscreened,Y2:P_H_fixed,chemsys,other,199,0.1315110882,0.1454357916,1.105882353,0.9617470636,1.286720853,10000
unscreened,Y2:P_H_matched_Y2,random,AB12_139,5,0.4774774775,0.6396396396,1.339622642,0.9146254355,1.977777778,10000
unscreened,Y2:P_H_matched_Y2,random,AB2_139,5,0.0303030303,0.0202020202,0.6666666667,0,4,7786
unscreened,Y2:P_H_matched_Y2,random,AB2_194,10,0.09574468085,0.2606382979,2.722222222,1.333064516,6.5,10000
unscreened,Y2:P_H_matched_Y2,random,AB2_227,7,0.09448818898,0.2677165354,2.833333333,1.36,11.5125,9958
unscreened,Y2:P_H_matched_Y2,random,AB3_139,15,0.1418439716,0.2517730496,1.775,1.028074545,3.294264706,10000
unscreened,Y2:P_H_matched_Y2,random,AB3_194,14,0.03985507246,0.08333333333,2.090909091,0.88,8.666666667,9985
unscreened,Y2:P_H_matched_Y2,random,AB3_221,19,0.07336956522,0.1059782609,1.444444444,0.8684210526,2.631578947,10000
unscreened,Y2:P_H_matched_Y2,random,AB3_223,8,0.0487804878,0.01219512195,0.25,0,1,9907
unscreened,Y2:P_H_matched_Y2,random,AB4C8_139,7,0.056,0.136,2.428571429,0.8,11,9874
unscreened,Y2:P_H_matched_Y2,random,ABC2_225,52,0.03617810761,0.0974025974,2.692307692,1.426655738,6.158114035,10000
unscreened,Y2:P_H_matched_Y2,random,AB_221,14,0.05555555556,0.08680555556,1.5625,0.8947368421,4.25,9997
unscreened,Y2:P_H_matched_Y2,random,Heusler:ABC2_225,52,0.03617810761,0.0974025974,2.692307692,1.426655738,6.158114035,10000
unscreened,Y2:P_H_matched_Y2,random,other,198,0.1338174274,0.1812759336,1.354651163,1.140819321,1.617647059,10000
unscreened,Y2:P_H_matched_Y2,chemsys,AB12_139,5,0.5392156863,0.8333333333,1.545454545,1.101694915,2.333333333,10000
unscreened,Y2:P_H_matched_Y2,chemsys,AB2_139,5,0.008771929825,0.1228070175,14,2.333333333,23,5197
unscreened,Y2:P_H_matched_Y2,chemsys,AB2_194,10,0.07692307692,0.2051282051,2.666666667,1.25,9,9995
unscreened,Y2:P_H_matched_Y2,chemsys,AB2_227,7,0.09734513274,0.1681415929,1.727272727,1.1,3.5,9997
unscreened,Y2:P_H_matched_Y2,chemsys,AB3_139,15,0.1915584416,0.1980519481,1.033898305,0.6060406699,1.786949957,10000
unscreened,Y2:P_H_matched_Y2,chemsys,AB3_194,15,0.1086956522,0.06884057971,0.6333333333,0.2545454545,3.5,9992
unscreened,Y2:P_H_matched_Y2,chemsys,AB3_221,19,0.08157894737,0.09473684211,1.161290323,0.7209302326,2.117647059,10000
unscreened,Y2:P_H_matched_Y2,chemsys,AB3_223,8,0.01315789474,0.06578947368,5,0.8,16,7784
unscreened,Y2:P_H_matched_Y2,chemsys,AB4C8_139,7,0.0487804878,0.09146341463,1.875,0.9047619048,8.5,9752
unscreened,Y2:P_H_matched_Y2,chemsys,ABC2_225,53,0.04265402844,0.1232227488,2.888888889,1.556958429,7.157894737,10000
unscreened,Y2:P_H_matched_Y2,chemsys,AB_221,14,0.06071428571,0.1,1.647058824,0.9332142857,3,10000
unscreened,Y2:P_H_matched_Y2,chemsys,Heusler:ABC2_225,53,0.04265402844,0.1232227488,2.888888889,1.556958429,7.157894737,10000
unscreened,Y2:P_H_matched_Y2,chemsys,other,199,0.1315110882,0.1678700361,1.276470588,1.108807549,1.498920086,10000
