universe,cell,beta,efficiency_outcome,gain,gain_lo,gain_hi,gain_boot_lo,gain_boot_hi,N5,N5_lo,N5_hi,N5_boot_lo,N5_boot_hi,AUC,AUC_lo,AUC_hi,AUC_boot_lo,AUC_boot_hi,R_dis,R_dis_lo,R_dis_hi,R_dis_boot_lo,R_dis_boot_hi,L,L_lo,L_hi,L_boot_lo,L_boot_hi,S_blind_mean_size,R_blind_pooled
primary,Y1:P_H_fixed,0,T99,0,0,0,0,0,18.61666667,16.84184458,20.39148875,16.41666667,20.65,0.9760849861,0.9680758571,0.984094115,0.9653682229,0.9842049095,0.1585847155,0.1331436636,0.1840257675,0.1316021523,0.1858795291,0,0,0,0,0,23.15,0.176428055
primary,Y1:P_H_fixed,0.02,T99,0.2333333333,-2.784962462,3.251629129,-3.366666667,3.7,21,19.26152414,22.73847586,19.06625,22.70041667,0.9839239295,0.9795341611,0.988313698,0.9790761134,0.9884877069,0.1474000872,0.1269176493,0.167882525,0.1257036988,0.1694423843,0.01118462838,-0.009653197491,0.03202245426,-0.0123816274,0.0353308015,23.15,0.1482284888
primary,Y1:P_H_fixed,0.05,T99,2.65,-0.1394116625,5.439411663,-1.066666667,6.283333333,22.56666667,21.03015232,24.10318101,20.86666667,24.11666667,0.9878161874,0.9838597644,0.9917726104,0.9835296731,0.9916078943,0.1471315301,0.122601538,0.1716615222,0.1216197055,0.1718509799,0.01145318546,-0.006621608183,0.02952797911,-0.00916134567,0.03257967652,23.15,0.1344902386
primary,Y1:P_H_fixed,0.1,T99,5.616666667,2.979837837,8.253495496,2.433333333,9.066666667,24.61666667,23.56070775,25.67262558,23.31666667,25.76708333,0.9899238609,0.9862739079,0.9935738139,0.9858033914,0.9933363435,0.1550982061,0.1313680655,0.1788283466,0.1304495005,0.1787465187,0.003486509475,-0.01322197936,0.02019499831,-0.01716154123,0.02383237292,23.15,0.1453362256
primary,Y1:P_H_fixed,0.25,T99,7.483333333,4.996324374,9.970342293,4.05,11.11666667,25.56666667,24.58379087,26.54954246,24.51666667,26.56666667,0.9909442148,0.9877199517,0.994168478,0.9875905414,0.9939669028,0.1344430721,0.108114272,0.1607718722,0.1090719757,0.1602945829,0.02414164343,0.002163943241,0.04611934361,-0.0009324186365,0.04865298647,23.15,0.07881417209
primary,Y1:P_H_fixed,0.5,T99,8.566666667,5.558832404,11.57450093,4.8,12.55,25.25,24.38009607,26.11990393,24.31666667,26.1,0.9922732767,0.9901734066,0.9943731468,0.9899436655,0.994429482,0.1000074562,0.08095790567,0.1190570068,0.08038713735,0.1190862075,0.05857725933,0.03669486934,0.08045964932,0.03494962153,0.08234194835,23.15,0.01663051338
primary,Y1:P_H_fixed,0.75,T99,9.55,6.419616904,12.6803831,5.833333333,13.51666667,24,22.90865775,25.09134225,22.91666667,25.08333333,0.9928574427,0.9905214129,0.9951934725,0.9903984841,0.9950680055,0.04829669536,0.03411962534,0.06247376538,0.03404135176,0.06254011798,0.1102880202,0.08531658071,0.1352594597,0.08492236924,0.1372712446,23.15,0
primary,Y1:P_H_fixed,1,T99,1.8,-4.529001281,8.129001281,-4.517083333,7.866666667,13.56666667,12.10779352,15.02553981,12.21666667,14.8,0.9890890572,0.9853677356,0.9928103787,0.9854012776,0.9922413586,0,0,0,0,0,0.1585847155,0.1331436636,0.1840257675,0.1316021523,0.1858795291,23.15,0
primary,Y1:P_phys_fixed,0,T99,0,0,0,0,0,18.61666667,16.84184458,20.39148875,16.41666667,20.65,0.9760849861,0.9680758571,0.984094115,0.9653682229,0.9842049095,0.06536900941,0.05235663517,0.07838138365,0.05163070768,0.07994919232,0,0,0,0,0,7.25,0.08064516129
primary,Y1:P_phys_fixed,0.02,T99,3.783333333,0.7089933522,6.857673314,0.2829166667,7.3,21.8,20.48425529,23.11574471,20.19958333,23.13333333,0.9859896021,0.9820350909,0.9899441133,0.9812687946,0.9902297622,0.07793530043,0.06369942231,0.09217117854,0.06222765278,0.09434641298,-0.01256629102,-0.02461903534,-0.0005135466985,-0.02450517294,0.0001922916946,7.25,0.08294930876
primary,Y1:P_phys_fixed,0.05,T99,7.85,4.955418552,10.74458145,4.583333333,11.43333333,24.15,23.22589427,25.07410573,23.08333333,25.13333333,0.9897676953,0.9864480717,0.9930873189,0.9856105857,0.9931051862,0.07258498467,0.05932099094,0.08584897841,0.05865677254,0.08666234824,-0.007215975265,-0.01949918931,0.005067238784,-0.01924157734,0.006149128058,7.25,0.08294930876
primary,Y1:P_phys_fixed,0.1,T99,10.41666667,6.835340695,13.99799264,6.216666667,14.66666667,26.01666667,25.324383,26.70895033,25.18333333,26.8,0.9933633911,0.9915313946,0.9951953876,0.9910965773,0.9953716695,0.06832245176,0.05509696062,0.0815479429,0.05489821956,0.08240988187,-0.002953442354,-0.01643589121,0.0105290065,-0.0172176106,0.011917529,7.25,0.08525345622
primary,Y1:P_phys_fixed,0.25,T99,13.88333333,9.948093612,17.81857305,9.65,18.38333333,28.16666667,27.35614601,28.97718733,27.35,29.03333333,0.9966149906,0.9957872914,0.9974426899,0.9953835031,0.9976725692,0.06242567437,0.05340388486,0.07144746388,0.05336009696,0.07136841627,0.00294333504,-0.005938480838,0.01182515092,-0.007377648672,0.014729859,7.25,0.06912442396
primary,Y1:P_phys_fixed,0.5,T99,14.68333333,10.82624419,18.54042247,10.39958333,19.13375,30.11666667,29.26249073,30.9708426,29.3,30.96666667,0.9977952837,0.9970722326,0.9985183348,0.9968694917,0.9986039399,0.05124232519,0.04384981896,0.05863483143,0.0438113112,0.0586619215,0.01412668422,0.002118474009,0.02613489443,0.0007537431248,0.02907454571,7.25,0.002304147465
primary,Y1:P_phys_fixed,0.75,T99,15.26666667,11.40002061,19.13331273,10.91625,19.78375,31.65,30.89407573,32.40592427,30.93333333,32.4,0.998730449,0.9980803423,0.9993805557,0.9980109644,0.9993154548,0.03686672537,0.03313222123,0.04060122951,0.03238392553,0.04131835504,0.02850228404,0.01502232855,0.04198223952,0.01420496433,0.04430036794,7.25,0
primary,Y1:P_phys_fixed,1,T99,16.51666667,12.35980852,20.67352481,11.96666667,21.31666667,34.61666667,33.98795361,35.24537972,34.05,35.16666667,0.9998886186,0.9998510176,0.9999262196,0.9998552535,0.9999214064,0,0,0,0,0,0.06536900941,0.05235663517,0.07838138365,0.05163070768,0.07994919232,7.25,0
primary,Y2:P_H_fixed,0,T99,0,0,0,0,0,18.1,16.40203993,19.79796007,16.2,19.85,0.9866261178,0.9825623251,0.9906899105,0.9819586033,0.9907623203,0.1531349547,0.1321006493,0.1741692602,0.1312258101,0.174288577,0,0,0,0,0,52.45,0.1603954082
primary,Y2:P_H_fixed,0.02,T99,1,-0.8519334989,2.851933499,-1.233333333,3.133333333,19.71666667,17.76273529,21.67059805,17.71666667,21.56666667,0.990658333,0.9873437724,0.9939728936,0.9866360287,0.9938002251,0.1320414058,0.11156127,0.1525215416,0.1110341971,0.1526427333,0.02109354889,0.007734059613,0.03445303818,0.006496767269,0.03846760165,52.45,0.1332908163
primary,Y2:P_H_fixed,0.05,T99,1.516666667,-1.419039473,4.452372806,-1.583333333,4.733333333,20.48333333,18.65419806,22.3124686,18.66625,22.26666667,0.9912492644,0.9885716237,0.9939269052,0.9878612393,0.9940733216,0.1293519332,0.1076409026,0.1510629638,0.108995977,0.1512880084,0.02378302157,0.003497322674,0.04406872046,0.002650435803,0.04486627991,52.45,0.1304209184
primary,Y2:P_H_fixed,0.1,T99,2.233333333,-1.388430983,5.85509765,-1.666666667,6.083333333,22.6,20.98955099,24.21044901,20.88333333,24.2,0.9921551533,0.9894542447,0.9948560619,0.9889985393,0.9946618221,0.126624786,0.1066967928,0.1465527791,0.1081424717,0.1472386429,0.02651016878,0.001058686871,0.05196165069,0.0001965655857,0.05324651062,52.45,0.1243622449
primary,Y2:P_H_fixed,0.25,T99,2.516666667,-0.5827983369,5.61613167,-1,6.25,23.6,22.52894036,24.67105964,22.53291667,24.76666667,0.9924834507,0.9908353097,0.9941315918,0.9902516487,0.9944068247,0.1071049443,0.09073473603,0.1234751526,0.09097577218,0.1231549099,0.0460300104,0.0201627159,0.07189730491,0.01985824175,0.07126532142,52.45,0.1007653061
primary,Y2:P_H_fixed,0.5,T99,3.483333333,0.07454044363,6.892126223,-0.3670833333,7.6,23.1,22.05971981,24.14028019,22.06666667,24.18333333,0.9927451266,0.9910090032,0.99448125,0.9906370049,0.9946180763,0.07629398008,0.06234791311,0.09024004706,0.06345568291,0.09027333334,0.07684097465,0.05044502057,0.1032369287,0.04988113021,0.1022848099,52.45,0.06696428571
primary,Y2:P_H_fixed,0.75,T99,3.633333333,0.1883131858,7.078353481,-0.03333333333,7.583333333,21.71666667,20.79175232,22.64158101,20.83333333,22.56666667,0.9930368533,0.9914394486,0.9946342579,0.9911279487,0.9946952312,0.02026012944,0.009997588899,0.03052266997,0.01123567078,0.02957031917,0.1328748253,0.1061945063,0.1595551443,0.1058645278,0.1582549462,52.45,0.007971938776
primary,Y2:P_H_fixed,1,T99,-12.36666667,-18.57703601,-6.156297324,-18.25,-6.35,6.7,5.69216841,7.70783159,5.85,7.633333333,0.9825682635,0.9790702635,0.9860662635,0.979171416,0.9857089738,0,0,0,0,0,0.1531349547,0.1321006493,0.1741692602,0.1312258101,0.174288577,52.45,0
primary,Y2:P_H_matched_Y2,0,T99,0,0,0,0,0,18.1,16.40203993,19.79796007,16.2,19.85,0.9866261178,0.9825623251,0.9906899105,0.9819586033,0.9907623203,0.1608842572,0.1406616198,0.1811068947,0.139328611,0.1814260113,0,0,0,0,0,26,0.2086007702
primary,Y2:P_H_matched_Y2,0.02,T99,2.383333333,-0.1754768973,4.942143564,-0.4166666667,5.2,19.81666667,18.10696472,21.52636861,18.03333333,21.51666667,0.9918525172,0.9895914754,0.994113559,0.9891697447,0.9942038116,0.1528827921,0.1347519621,0.1710136222,0.1337239443,0.1719686709,0.008001465099,-0.005447183107,0.02145011331,-0.008158819596,0.02440242831,26,0.1867779204
primary,Y2:P_H_matched_Y2,0.05,T99,2.083333333,-0.580620638,4.747287305,-0.9833333333,5.016666667,21.4,19.60155818,23.19844182,19.58333333,23.18333333,0.9916337876,0.9885427512,0.9947248239,0.9880011349,0.9944936188,0.1463322396,0.1256778589,0.1669866203,0.1263582456,0.1662884913,0.01455201767,-0.006198074867,0.0353021102,-0.007112628104,0.03713377558,26,0.1707317073
primary,Y2:P_H_matched_Y2,0.1,T99,2.183333333,-1.203608957,5.570275624,-1.516666667,5.466666667,22.9,21.23522691,24.56477309,21.23333333,24.53333333,0.9919819731,0.9889958673,0.994968079,0.9886217774,0.9946609128,0.1380248882,0.1194199706,0.1566298059,0.1192119977,0.1569012767,0.02285936901,-0.00263394247,0.04835268049,-0.001293233095,0.04986529061,26,0.1572528883
primary,Y2:P_H_matched_Y2,0.25,T99,1.7,-1.80678971,5.20678971,-2.116666667,5.366666667,24.31666667,22.98867985,25.64465348,22.85,25.68333333,0.9923756373,0.9901057719,0.9946455026,0.9898270455,0.9945460505,0.1221366452,0.09957723199,0.1446960583,0.1005798254,0.1439265754,0.03874761209,0.0095991912,0.06789603298,0.01125785886,0.06790005981,26,0.1148908858
primary,Y2:P_H_matched_Y2,0.5,T99,3.3,0.02045293936,6.579547061,-0.3166666667,6.966666667,25.75,24.70436048,26.79563952,24.7,26.80041667,0.9935117182,0.9914506525,0.9955727839,0.9914486268,0.995345502,0.1017806036,0.07657164235,0.1269895648,0.07892672535,0.12609106,0.05910365367,0.02946714858,0.08874015876,0.02902272729,0.08802470795,26,0.05070603338
primary,Y2:P_H_matched_Y2,0.75,T99,3.666666667,0.2826910366,7.050642297,-0.03333333333,7.466666667,25.38333333,24.50836286,26.25830381,24.46666667,26.23333333,0.9937664958,0.992377626,0.9951553656,0.9923088764,0.9950930686,0.06119494817,0.0396845285,0.08270536784,0.042663749,0.08099374354,0.09968930908,0.06847227078,0.1309063474,0.06954269363,0.1294659397,26,0.0006418485237
primary,Y2:P_H_matched_Y2,1,T99,-4.333333333,-11.26881779,2.602151119,-10.76666667,2.033333333,14.98333333,13.64835122,16.31831545,13.9,16.23333333,0.9889227427,0.9871103755,0.9907351099,0.9871928699,0.9905641549,0,0,0,0,0,0.1608842572,0.1406616198,0.1811068947,0.139328611,0.1814260113,26,0
primary,Y2:P_phys_fixed,0,T99,0,0,0,0,0,18.1,16.40203993,19.79796007,16.2,19.85,0.9866261178,0.9825623251,0.9906899105,0.9819586033,0.9907623203,0.1373295235,0.1094249153,0.1652341317,0.1065671806,0.1683847493,0,0,0,0,0,71.75,0.125
primary,Y2:P_phys_fixed,0.02,T99,0.9333333333,-1.851100664,3.717767331,-1.866666667,3.917083333,18.03333333,16.85595615,19.21071052,16.81666667,19.23333333,0.9909191616,0.9876809799,0.9941573434,0.9870347931,0.9943078841,0.07691212675,0.06255523175,0.09126902174,0.06124971812,0.09614044588,0.06041739677,0.03501710462,0.08581768892,0.02981715682,0.09057806645,71.75,0.06996268657
primary,Y2:P_phys_fixed,0.05,T99,1.583333333,-1.491041318,4.657707985,-1.716666667,5.25,17.43333333,16.24435781,18.62230885,16.28333333,18.56666667,0.9915971762,0.9890858983,0.994108454,0.9882638323,0.9944383173,0.06244640094,0.05308234629,0.07181045559,0.05242929919,0.07363478957,0.07488312257,0.04871363467,0.1010526105,0.04519781353,0.1051057964,71.75,0.05666977612
primary,Y2:P_phys_fixed,0.1,T99,2.483333333,-0.8432472771,5.809913944,-0.88375,6.133333333,17.68333333,16.62571618,18.74095049,16.61666667,18.66666667,0.9918405637,0.9887912168,0.9948899106,0.9879994016,0.9949994831,0.05520911153,0.04885118565,0.0615670374,0.04744380537,0.06284904267,0.08212041199,0.05364130967,0.1105995143,0.05090570715,0.1142791773,71.75,0.04967350746
primary,Y2:P_phys_fixed,0.25,T99,4.933333333,2.288025797,7.57864087,2.06625,8.116666667,17.4,16.60871326,18.19128674,16.58333333,18.16666667,0.9937985603,0.9912922594,0.9963048613,0.990586685,0.9964606025,0.04051747836,0.03379004018,0.04724491655,0.03367238017,0.04834747151,0.09681204515,0.06993129287,0.1236927974,0.06636265256,0.1272784729,71.75,0.0380130597
primary,Y2:P_phys_fixed,0.5,T99,6.116666667,3.367452629,8.865880704,3,9.466666667,16.51666667,15.72886947,17.30446386,15.78333333,17.23333333,0.9954716405,0.9938462007,0.9970970803,0.9931407396,0.9974224649,0.004817794678,0.001371684221,0.008263905135,0.001864652671,0.008885130834,0.1325117288,0.1053048234,0.1597186343,0.1020467443,0.1633670636,71.75,0.005830223881
primary,Y2:P_phys_fixed,0.75,T99,4.75,1.897833197,7.602166803,1.66625,8.083333333,17.73333333,16.76186299,18.70480367,16.79958333,18.65,0.994347126,0.9925152144,0.9961790375,0.9920847344,0.9963674082,0,0,0,0,0,0.1373295235,0.1094249153,0.1652341317,0.1065671806,0.1683847493,71.75,0
primary,Y2:P_phys_fixed,1,T99,-26.65,-30.10232158,-23.19767842,-30.35,-22.58291667,6.866666667,6.055880244,7.677453089,6.133333333,7.55,0.9679391503,0.9645973917,0.9712809088,0.964500643,0.9716307789,0,0,0,0,0,0.1373295235,0.1094249153,0.1652341317,0.1065671806,0.1683847493,71.75,0
primary,Y2:P_phys_matched_Y2,0,T99,0,0,0,0,0,18.1,16.40203993,19.79796007,16.2,19.85,0.9866261178,0.9825623251,0.9906899105,0.9819586033,0.9907623203,0.0813729718,0.06377401861,0.098971925,0.06180906709,0.1026685838,0,0,0,0,0,10.3,0.04383116883
primary,Y2:P_phys_matched_Y2,0.02,T99,2.833333333,0.1936166687,5.473049998,0.4666666667,5.683333333,19.45,18.03376683,20.86623317,18,20.76666667,0.9922413597,0.9897952111,0.9946875083,0.9891780364,0.9949383112,0.05966804389,0.04744930522,0.07188678256,0.04646072212,0.07432398887,0.02170492791,0.004959495828,0.03845036,0.003811946915,0.04139839097,10.3,0.01623376623
primary,Y2:P_phys_matched_Y2,0.05,T99,5.7,3.425938873,7.974061127,3.316666667,8.45,20.23333333,19.14099816,21.32566851,19.06666667,21.31666667,0.9949902149,0.9934045082,0.9965759216,0.993019125,0.9966439903,0.04933682313,0.04014158961,0.05853205665,0.04022766266,0.05895495765,0.03203614867,0.01588458392,0.04818771343,0.01377210972,0.05231477164,10.3,0.01298701299
primary,Y2:P_phys_matched_Y2,0.1,T99,6.566666667,4.0376058,9.095727533,3.866666667,9.7,20.61666667,19.78950433,21.44382901,19.78333333,21.45,0.9958597836,0.9940855529,0.9976340143,0.9938120485,0.9974162784,0.04691734151,0.03747375665,0.05636092637,0.0381369729,0.05647966492,0.0344556303,0.01732826155,0.05158299905,0.014658855,0.05547155504,10.3,0.01298701299
primary,Y2:P_phys_matched_Y2,0.25,T99,8.2,5.185582639,11.21441736,4.983333333,11.83333333,21.95,21.04334402,22.85665598,21.06666667,22.81666667,0.9978241678,0.9971024814,0.9985458541,0.9969875317,0.9985628821,0.06203700862,0.05276987342,0.07130414382,0.05381979622,0.07095849063,0.01933596318,0.0019851119,0.03668681447,-1.736225873e-05,0.03966969367,10.3,0.00487012987
primary,Y2:P_phys_matched_Y2,0.5,T99,9,5.827464698,12.1725353,5.65,12.73333333,23.06666667,22.44592357,23.68740977,22.45,23.7,0.998607234,0.9981921984,0.9990222697,0.9980716774,0.999086721,0.0636792405,0.05443184271,0.07292663829,0.05471511608,0.07240776027,0.01769373131,0.0005911895261,0.03479627309,-0.00199993663,0.03860828754,10.3,0
primary,Y2:P_phys_matched_Y2,0.75,T99,9.433333333,6.201387661,12.66527901,6,13.26666667,23.38333333,22.75354992,24.01311674,22.78333333,23.98333333,0.9991004736,0.9987929121,0.9994080352,0.9986922876,0.9994483372,0.03491856047,0.02623942571,0.04359769523,0.02705608919,0.04347895697,0.04645441133,0.02974525163,0.06316357104,0.02687479332,0.06718684706,10.3,0
primary,Y2:P_phys_matched_Y2,1,T99,9.983333333,6.636757123,13.32990954,6.433333333,13.96666667,29.58333333,28.10002717,31.0666395,28.15,30.73333333,0.9999284659,0.999868097,0.9999888348,0.9998711261,0.9999756375,0,0,0,0,0,0.0813729718,0.06377401861,0.098971925,0.06180906709,0.1026685838,10.3,0
sens1_no_Pm_Tc,Y1:P_H_fixed,0,T99,0,0,0,0,0,19.28333333,17.76269698,20.80396968,17.36666667,20.93333333,0.9832409839,0.9758463629,0.9906356049,0.9740458105,0.9903872331,0.1779563095,0.1577040259,0.1982085931,0.1558112608,0.1995837937,0,0,0,0,0,22.85,0.2346041056
sens1_no_Pm_Tc,Y1:P_H_fixed,0.02,T99,2.633333333,-0.480607049,5.747273716,-0.9166666667,6.233333333,21.68333333,20.58590716,22.78075951,20.2,23.01666667,0.9895541803,0.9866985009,0.9924098598,0.9851166757,0.9930073826,0.1701301434,0.1530138119,0.187246475,0.1500422552,0.1894039503,0.007826166087,-0.009678223379,0.02533055555,-0.01295656758,0.03020449423,22.85,0.1832844575
sens1_no_Pm_Tc,Y1:P_H_fixed,0.05,T99,3.35,-0.1611134763,6.861113476,-0.4,7.216666667,22.51666667,21.4174916,23.61584174,21,23.86666667,0.9908659886,0.988177085,0.9935548922,0.9874251733,0.9938834697,0.1671122527,0.1497182914,0.184506214,0.1473404888,0.1861754452,0.01084405686,-0.008411428734,0.03009954245,-0.01085315178,0.03376434795,22.85,0.1737536657
sens1_no_Pm_Tc,Y1:P_H_fixed,0.1,T99,3.55,-0.02910073131,7.129100731,-0.85,7.65,23.73333333,22.11281861,25.35384805,21.93333333,25.18333333,0.991190912,0.9884480791,0.9939337449,0.987734454,0.9941327201,0.1547955353,0.1378700428,0.1717210277,0.1334187048,0.175214556,0.02316077428,0.002146914964,0.0441746336,-0.0008947577765,0.04867636185,22.85,0.1429618768
sens1_no_Pm_Tc,Y1:P_H_fixed,0.25,T99,5.1,0.8819889471,9.318011053,0.6329166667,9.483333333,24.88333333,23.40464032,26.36202635,23.2,26.23333333,0.9928681875,0.9907678741,0.9949685009,0.9903768289,0.9950659244,0.139652985,0.1209236217,0.1583823483,0.117759918,0.1612150445,0.03830332455,0.01227437149,0.0643322776,0.009839092636,0.06700504219,22.85,0.08724340176
sens1_no_Pm_Tc,Y1:P_H_fixed,0.5,T99,7.866666667,4.565887632,11.1674457,4.149583333,11.85,24.96666667,24.143142,25.79019134,24.11666667,25.81666667,0.9943969724,0.9927892374,0.9960047075,0.9923870172,0.9961466473,0.105848013,0.09208290198,0.1196131241,0.08979661017,0.1221584651,0.07210829651,0.04947526977,0.09474132325,0.04795878086,0.0967203471,22.85,0.01686217009
sens1_no_Pm_Tc,Y1:P_H_fixed,0.75,T99,7.583333333,3.862909638,11.30375703,3.35,11.98375,23.1,21.74755098,24.45244902,21.8,24.38333333,0.9944680902,0.9928686672,0.9960675132,0.9925517107,0.9961342189,0.05408438176,0.03782637807,0.07034238545,0.03861200937,0.06976119989,0.1238719278,0.09662675988,0.1511170957,0.09653831866,0.1510694692,22.85,0
sens1_no_Pm_Tc,Y1:P_H_fixed,1,T99,-0.4833333333,-6.854834491,5.888167824,-6.93375,5.800833333,13.61666667,12.01481223,15.21852111,12.2,14.96708333,0.9905332005,0.9867866421,0.9942797589,0.9868347935,0.993527403,0,0,0,0,0,0.1779563095,0.1577040259,0.1982085931,0.1558112608,0.1995837937,22.85,0
sens1_no_Pm_Tc,Y1:P_phys_fixed,0,T99,0,0,0,0,0,19.28333333,17.76269698,20.80396968,17.36666667,20.93333333,0.9832409839,0.9758463629,0.9906356049,0.9740458105,0.9903872331,0.07043156425,0.05885866769,0.08200446081,0.05753453958,0.0838329437,0,0,0,0,0,6.85,0.0391198044
sens1_no_Pm_Tc,Y1:P_phys_fixed,0.02,T99,5.766666667,3.199209282,8.334124052,2.9,8.98375,23.6,22.55397522,24.64602478,22.56666667,24.65,0.9916571646,0.9883721205,0.9949422087,0.9881426727,0.9946113555,0.07522927839,0.06314077678,0.08731778,0.06209457402,0.08915060957,-0.004797714137,-0.01796547111,0.008370042836,-0.01792902948,0.008874448016,6.85,0.0293398533
sens1_no_Pm_Tc,Y1:P_phys_fixed,0.05,T99,7.883333333,5.524640793,10.24202587,4.95,11.21666667,24.36666667,23.29540041,25.43793293,23.19958333,25.46666667,0.9943437526,0.9925588587,0.9961286466,0.9922357946,0.9961278709,0.07350107321,0.06241686166,0.08458528476,0.06253036317,0.08536314046,-0.003069508956,-0.01664760409,0.01050858618,-0.01617287243,0.01147859482,6.85,0.02200488998
sens1_no_Pm_Tc,Y1:P_phys_fixed,0.1,T99,10.25,7.094689421,13.40531058,6.75,14.28375,25.7,24.91108601,26.48891399,24.76666667,26.7,0.9955318831,0.9941689173,0.9968948488,0.9938663349,0.9969478333,0.0723899621,0.06399000072,0.08078992347,0.06394223245,0.0817130692,-0.001958397845,-0.01223864174,0.008321846048,-0.01398326532,0.01142149674,6.85,0.01711491443
sens1_no_Pm_Tc,Y1:P_phys_fixed,0.25,T99,11.53333333,8.327104022,14.73956264,7.833333333,15.7,27.55,26.71232455,28.38767545,26.66666667,28.43333333,0.9972747012,0.9964221106,0.9981272918,0.9962380395,0.9981513944,0.07181020811,0.06295335799,0.08066705823,0.06326333883,0.08034581385,-0.001378643863,-0.01432629564,0.01156900791,-0.01449079443,0.01360169492,6.85,0.0097799511
sens1_no_Pm_Tc,Y1:P_phys_fixed,0.5,T99,12.4,9.137433265,15.66256674,8.733333333,16.6,29.48333333,28.72540135,30.24126531,28.73333333,30.25,0.9979426129,0.9970692665,0.9988159592,0.9969061258,0.998718329,0.06121682543,0.05395104051,0.06848261034,0.05400577276,0.06862682706,0.009214738824,-0.002148975072,0.02057845272,-0.002856982554,0.02295527521,6.85,0.002444987775
sens1_no_Pm_Tc,Y1:P_phys_fixed,0.75,T99,13.03333333,9.649785719,16.41688095,9.166666667,17.41708333,31.28333333,30.42567615,32.14099051,30.46666667,32.08333333,0.9985948358,0.9980020627,0.9991876089,0.9979208725,0.99915544,0.05119865097,0.04372280495,0.05867449699,0.04353578154,0.0589833952,0.01923291328,0.006386347594,0.03207947896,0.005235153257,0.03433759946,6.85,0
sens1_no_Pm_Tc,Y1:P_phys_fixed,1,T99,14,10.42386354,17.57613646,9.999583333,18.53333333,34.75,34.08016212,35.41983788,34.13333333,35.3,0.9998829504,0.999846496,0.9999194048,0.9998514785,0.9999157925,0,0,0,0,0,0.07043156425,0.05885866769,0.08200446081,0.05753453958,0.0838329437,6.85,0
sens1_no_Pm_Tc,Y2:P_H_fixed,0,T99,0,0,0,0,0,18.36666667,16.96207791,19.77125543,16.6,20,0.9839717269,0.977957419,0.9899860349,0.9757425132,0.9900157752,0.1627121891,0.1406004223,0.1848239559,0.1397297674,0.1858904758,0,0,0,0,0,48.15,0.1680584551
sens1_no_Pm_Tc,Y2:P_H_fixed,0.02,T99,3.333333333,1.501412546,5.165254121,1.15,5.600416667,20.83333333,19.3243378,22.34232887,19.33333333,22.35,0.9908165428,0.98851501,0.9931180756,0.9877264919,0.9934783987,0.1461242613,0.1255593082,0.1666892144,0.1258033557,0.1663228619,0.01658792779,0.006658499001,0.02651735657,0.002011185791,0.0305597482,48.15,0.1416144746
sens1_no_Pm_Tc,Y2:P_H_fixed,0.05,T99,3.266666667,0.3999652733,6.13336806,0.25,6.333333333,21.8,20.11859919,23.48140081,20.06666667,23.53333333,0.9911150243,0.9886920117,0.993538037,0.9877731868,0.9938604533,0.1417371258,0.1218152478,0.1616590038,0.1224025911,0.1610749643,0.02097506332,0.008946932335,0.0330031943,0.005626607247,0.03678009124,48.15,0.1377870564
sens1_no_Pm_Tc,Y2:P_H_fixed,0.1,T99,3.166666667,0.2049290104,6.128404323,-0.08333333333,6.450416667,22.73333333,21.31118468,24.15548199,21.2,24.16666667,0.9920022061,0.9899759691,0.9940284431,0.9891841796,0.9943645327,0.1324899344,0.1127155173,0.1522643515,0.113158464,0.1527521511,0.03022225469,0.01508612113,0.04535838826,0.01189703471,0.04951673404,48.15,0.1283924843
sens1_no_Pm_Tc,Y2:P_H_fixed,0.25,T99,3.766666667,0.9128426793,6.620490654,0.61625,7.183333333,23.8,22.49603571,25.10396429,22.48333333,25.08333333,0.9927313086,0.9912740639,0.9941885533,0.9903024732,0.994585964,0.1248659004,0.1093568638,0.1403749369,0.1100631453,0.1397099974,0.03784628872,0.01676882905,0.05892374839,0.01535167462,0.06106627054,48.15,0.117954071
sens1_no_Pm_Tc,Y2:P_H_fixed,0.5,T99,3.45,0.1945629873,6.705437013,-0.08333333333,6.95,23.05,21.84755574,24.25244426,21.93291667,24.13375,0.9931035888,0.9922092231,0.9939979545,0.9914661035,0.9945072072,0.08174686668,0.06781831648,0.09567541688,0.06799790165,0.09573913079,0.08096532242,0.05721100955,0.1047196353,0.05570469673,0.1053553275,48.15,0.06332637439
sens1_no_Pm_Tc,Y2:P_H_fixed,0.75,T99,2.716666667,-0.4633930855,5.896726419,-1.266666667,6.566666667,21.1,19.7578593,22.4421407,19.73291667,22.31666667,0.9919365406,0.9894387448,0.9944343364,0.9888981904,0.9941410487,0.02459169427,0.01303140339,0.03615198514,0.0148356468,0.0350944136,0.1381204948,0.1130540257,0.163186964,0.1127253961,0.163980437,48.15,0.002783576896
sens1_no_Pm_Tc,Y2:P_H_fixed,1,T99,-10.95,-17.5601162,-4.339883799,-17.05,-4.466666667,7.033333333,5.905929729,8.160736937,6.05,8.05,0.9840148146,0.9805185881,0.9875110412,0.9805636435,0.9872321231,0,0,0,0,0,0.1627121891,0.1406004223,0.1848239559,0.1397297674,0.1858904758,48.15,0
sens1_no_Pm_Tc,Y2:P_H_matched_Y2,0,T99,0,0,0,0,0,18.36666667,16.96207791,19.77125543,16.6,20,0.9839717269,0.977957419,0.9899860349,0.9757425132,0.9900157752,0.1718778817,0.1528958097,0.1908599537,0.1501961126,0.1931211808,0,0,0,0,0,25.05,0.2263898192
sens1_no_Pm_Tc,Y2:P_H_matched_Y2,0.02,T99,4.016666667,1.427359123,6.60597421,1.1,7.15,21.13333333,19.65264406,22.6140226,19.66666667,22.6,0.9912194215,0.9887335752,0.9937052677,0.9881288182,0.9938232053,0.1665955582,0.145656829,0.1875342873,0.145778557,0.1868356874,0.005282323528,-0.00599800264,0.01656264969,-0.01164249708,0.02139273654,25.05,0.1929002009
sens1_no_Pm_Tc,Y2:P_H_matched_Y2,0.05,T99,4.733333333,1.890818293,7.575848373,1.616666667,8.000416667,22.36666667,20.82113578,23.91219756,20.81666667,23.91666667,0.9925805018,0.9900613961,0.9950996074,0.9897371171,0.994820296,0.1651816676,0.1456049382,0.1847583971,0.1462637996,0.1832264392,0.00669621404,-0.007622176513,0.02101460459,-0.01301628352,0.02505307569,25.05,0.1868720697
sens1_no_Pm_Tc,Y2:P_H_matched_Y2,0.1,T99,3.916666667,0.9196440169,6.913689316,0.6833333333,7.266666667,23.9,22.5161291,25.2838709,22.41666667,25.31666667,0.991875925,0.9899346364,0.9938172135,0.9893818644,0.9940238247,0.1567778752,0.1408605916,0.1726951587,0.1403586069,0.1733715582,0.01510000649,-0.0002748125079,0.0304748255,-0.005320864991,0.03621127589,25.05,0.1627595445
sens1_no_Pm_Tc,Y2:P_H_matched_Y2,0.25,T99,3.95,0.3234279605,7.576572039,-0.0004166666667,7.666666667,24.58333333,23.19574661,25.97092006,23.13333333,25.91666667,0.9929114788,0.99124325,0.9945797076,0.9907132227,0.9947508871,0.1431146503,0.1215215795,0.1647077211,0.123551923,0.1642450606,0.02876323138,0.001652152239,0.05587431052,0.0005370843886,0.05735102929,25.05,0.1306095111
sens1_no_Pm_Tc,Y2:P_H_matched_Y2,0.5,T99,2.8,-1.809922121,7.409922121,-2.016666667,7.333333333,24.73333333,23.61954579,25.84712087,23.63333333,25.81666667,0.9920969584,0.9902772312,0.9939166857,0.9899019358,0.9940610358,0.09934573674,0.07416330214,0.1245281713,0.07628429606,0.1233686481,0.07253214494,0.03767596068,0.1073883292,0.03858283817,0.1072675864,25.05,0.04755525787
sens1_no_Pm_Tc,Y2:P_H_matched_Y2,0.75,T99,3.583333333,-0.7331014942,7.899768161,-0.8833333333,7.93375,24.71666667,23.60602538,25.82730795,23.61666667,25.76666667,0.9934121512,0.9923064269,0.9945178755,0.9919186997,0.9947663312,0.06122637834,0.04222520288,0.08022755379,0.04480420807,0.07935979609,0.1106515033,0.08203944521,0.1392635615,0.08211809614,0.1397827416,25.05,0.0006697923644
sens1_no_Pm_Tc,Y2:P_H_matched_Y2,1,T99,-3.466666667,-10.85062964,3.917296303,-9.916666667,3.08375,15.7,14.49341804,16.90658196,14.68333333,16.8,0.9895997715,0.9877180081,0.9914815349,0.9877042094,0.9913572107,0,0,0,0,0,0.1718778817,0.1528958097,0.1908599537,0.1501961126,0.1931211808,25.05,0
sens1_no_Pm_Tc,Y2:P_phys_fixed,0,T99,0,0,0,0,0,18.36666667,16.96207791,19.77125543,16.6,20,0.9839717269,0.977957419,0.9899860349,0.9757425132,0.9900157752,0.1274899344,0.1037292215,0.1512506473,0.1013287186,0.153847624,0,0,0,0,0,70.5,0.1209677419
sens1_no_Pm_Tc,Y2:P_phys_fixed,0.02,T99,0.7333333333,-2.575544728,4.042211395,-3.216666667,4.65,17.86666667,16.48589468,19.24743866,16.46666667,19.23333333,0.9894028434,0.9858524031,0.9929532837,0.9849832693,0.9931247738,0.07169735048,0.05732489641,0.08606980454,0.05603410124,0.09020774482,0.05579258393,0.0333031448,0.07828202307,0.03087568592,0.08207282535,70.5,0.06712523719
sens1_no_Pm_Tc,Y2:P_phys_fixed,0.05,T99,1.85,-1.100200634,4.800200634,-1.63375,5.45,17.53333333,16.50751493,18.55915174,16.45,18.63333333,0.9904838928,0.9878299227,0.9931378629,0.9868577723,0.9935894323,0.06741249432,0.05806754287,0.07675744576,0.05683703081,0.08025527632,0.06007744009,0.03850751578,0.08164736441,0.03605085558,0.08514509871,70.5,0.06427893738
sens1_no_Pm_Tc,Y2:P_phys_fixed,0.1,T99,2.866666667,-0.1608831306,5.894216464,-0.4666666667,6.216666667,17.8,16.97332611,18.62667389,16.86666667,18.7,0.9917270889,0.9894897508,0.9939644269,0.9885291633,0.9946188576,0.05986525099,0.05181033698,0.067920165,0.05139466848,0.06896729901,0.06762468342,0.04323210132,0.09201726552,0.04114350364,0.09524234528,70.5,0.05740037951
sens1_no_Pm_Tc,Y2:P_phys_fixed,0.25,T99,4.183333333,1.164450853,7.202215814,0.6,7.6,16.9,15.87130415,17.92869585,15.83333333,17.88333333,0.9931161983,0.9909566849,0.9952757117,0.9901975581,0.995674443,0.0416863108,0.0349856467,0.0483869749,0.03450967595,0.04908274482,0.08580362361,0.06214304558,0.1094642016,0.05953550555,0.1129120966,70.5,0.04079696395
sens1_no_Pm_Tc,Y2:P_phys_fixed,0.5,T99,6.583333333,4.055553964,9.111112703,3.75,9.766666667,15.96666667,14.9189843,17.01434903,15,16.9,0.995393689,0.9939526922,0.9968346859,0.9933149953,0.9971604866,0.004482109228,0.001731587517,0.007232630939,0.001694915254,0.007556497175,0.1230078252,0.09948696134,0.146528689,0.09695672609,0.1492893694,70.5,0.00569259962
sens1_no_Pm_Tc,Y2:P_phys_fixed,0.75,T99,5.016666667,2.662232624,7.371100709,2.299583333,7.98375,16.51666667,15.55561054,17.47772279,15.64958333,17.38333333,0.9937418001,0.9919141129,0.9955694873,0.9910169438,0.9961535435,0,0,0,0,0,0.1274899344,0.1037292215,0.1512506473,0.1013287186,0.153847624,70.5,0
sens1_no_Pm_Tc,Y2:P_phys_fixed,1,T99,-22.66666667,-26.31587476,-19.01745857,-26.56666667,-18.6,6.45,5.554809836,7.345190164,5.666666667,7.233333333,0.9706734077,0.9676999957,0.9736468196,0.9670619198,0.974415911,0,0,0,0,0,0.1274899344,0.1037292215,0.1512506473,0.1013287186,0.153847624,70.5,0
sens1_no_Pm_Tc,Y2:P_phys_matched_Y2,0,T99,0,0,0,0,0,18.36666667,16.96207791,19.77125543,16.6,20,0.9839717269,0.977957419,0.9899860349,0.9757425132,0.9900157752,0.08087830379,0.06716498147,0.0945916261,0.06417256802,0.09966245779,0,0,0,0,0,9.7,0.0413080895
sens1_no_Pm_Tc,Y2:P_phys_matched_Y2,0.02,T99,4.95,2.957596016,6.942403984,2.6,7.583333333,19.8,18.64316537,20.95683463,18.63291667,21.08333333,0.9924637706,0.9899163129,0.9950112284,0.9892796851,0.9950170417,0.05617458926,0.04340449026,0.06894468826,0.0422995162,0.07187051513,0.02470371453,0.006708637779,0.04269879128,0.005475274368,0.04511962222,9.7,0.01549053356
sens1_no_Pm_Tc,Y2:P_phys_matched_Y2,0.05,T99,6.683333333,4.190300388,9.176366279,3.833333333,9.916666667,20,19.00593534,20.99406466,18.93333333,21.1,0.9948562805,0.9931196422,0.9965929188,0.9928537601,0.9964861411,0.04758750568,0.03855633038,0.05661868098,0.03753910562,0.05884589503,0.0332907981,0.01863776525,0.04794383095,0.01523472709,0.05318220745,9.7,0.01204819277
sens1_no_Pm_Tc,Y2:P_phys_matched_Y2,0.1,T99,6.916666667,4.577512593,9.255820741,4.183333333,9.967083333,20.45,19.51442627,21.38557373,19.45,21.46666667,0.9957306098,0.9944348263,0.9970263933,0.994056106,0.9970847889,0.04645675044,0.03614145692,0.05677204395,0.03649897721,0.05682635642,0.03442155335,0.01889455107,0.04994855563,0.01590372346,0.05429547779,9.7,0.01032702238
sens1_no_Pm_Tc,Y2:P_phys_matched_Y2,0.25,T99,7.65,5.208266088,10.09173391,4.733333333,10.88333333,22.13333333,21.25652327,23.0101434,21.26666667,22.98333333,0.9966806714,0.9956115605,0.9977497822,0.9950958245,0.9978942566,0.05935239301,0.05062082828,0.06808395775,0.05140867102,0.06757591808,0.02152591077,0.007812365141,0.03523945641,0.004236833561,0.04012404215,9.7,0.006884681583
sens1_no_Pm_Tc,Y2:P_phys_matched_Y2,0.5,T99,8.816666667,6.428718091,11.20461524,5.866666667,12.03333333,22.93333333,22.19127399,23.67539267,22.21666667,23.66666667,0.998287563,0.9976550978,0.9989200282,0.9974730317,0.9989425353,0.06123985324,0.05306250172,0.06941720475,0.05332281317,0.06896578512,0.01963845055,0.00534081728,0.03393608382,0.00175558072,0.03885725128,9.7,0
sens1_no_Pm_Tc,Y2:P_phys_matched_Y2,0.75,T99,9.3,6.800030118,11.79996988,6.266666667,12.56666667,23.26666667,22.6184932,23.91484013,22.68333333,23.88333333,0.99884017,0.9984078272,0.9992725128,0.9982523548,0.9993121501,0.03332537827,0.02596366428,0.04068709226,0.02684052942,0.04030638353,0.04755292551,0.03174591438,0.06335993665,0.02924680174,0.06715656455,9.7,0
sens1_no_Pm_Tc,Y2:P_phys_matched_Y2,1,T99,10.08333333,7.523121193,12.64354547,6.883333333,13.48333333,28.5,26.99580444,30.00419556,27.05,29.73333333,0.9999319081,0.9998756719,0.9999881443,0.9998773439,0.9999765186,0,0,0,0,0,0.08087830379,0.06716498147,0.0945916261,0.06417256802,0.09966245779,9.7,0
unscreened,Y1:P_H_fixed,0,T99,0,0,0,0,0,19.53333333,17.2180075,21.84865917,17.11666667,21.63333333,0.9831482829,0.977527535,0.9887690307,0.9760557949,0.9888122757,0.1297113983,0.1115686823,0.1478541143,0.1107502125,0.1480213439,0,0,0,0,0,26.85,0.1573383085
unscreened,Y1:P_H_fixed,0.02,T99,2.116666667,-1.543278993,5.776612327,-1.366666667,5.983333333,22.25,20.72794275,23.77205725,20.41666667,24.03333333,0.9888618232,0.9865497581,0.9911738884,0.9854244826,0.9918606561,0.1220461022,0.1062340237,0.1378581807,0.1046794158,0.1388893216,0.007665296083,-0.004518448323,0.01984904049,-0.006291878595,0.0221434993,26.85,0.1243781095
unscreened,Y1:P_H_fixed,0.05,T99,1.55,-1.438455078,4.538455078,-1.816666667,4.9,22.06666667,19.77858042,24.35475292,19.71666667,24.16666667,0.9891016177,0.9855316233,0.992671612,0.9853016997,0.9923453763,0.1100556388,0.09254136847,0.1275699092,0.09098454262,0.1286007619,0.01965575944,0.005475624354,0.03383589453,0.003395383476,0.03557120079,26.85,0.09825870647
unscreened,Y1:P_H_fixed,0.1,T99,5.266666667,2.095089036,8.438244297,1.85,8.916666667,24.86666667,22.8629613,26.87037203,22.73333333,26.76666667,0.9913488873,0.9891831269,0.9935146477,0.9886671995,0.9937473523,0.11246301,0.09394521865,0.1309808013,0.0936791165,0.1312783209,0.01724838831,0.0007188989406,0.03377787769,-7.657345733e-05,0.03514492727,26.85,0.08582089552
unscreened,Y1:P_H_fixed,0.25,T99,7.2,3.80010349,10.59989651,3.682916667,11.16666667,25.93333333,24.75749623,27.10917043,24.38333333,27.28333333,0.9925485649,0.9908111109,0.994286019,0.9898590331,0.994741,0.09735373442,0.07990330169,0.1148041671,0.07989781688,0.1158959136,0.03235766387,0.01064913089,0.05406619684,0.01130016708,0.05470222353,26.85,0.04726368159
unscreened,Y1:P_H_fixed,0.5,T99,8.1,4.34021387,11.85978613,4.133333333,12.45,25.43333333,24.38301623,26.48365044,24.18333333,26.55,0.9932920498,0.9915204771,0.9950636226,0.990881268,0.9951771505,0.06208167358,0.05193187446,0.0722314727,0.0491934741,0.07523526967,0.06762972471,0.04976876097,0.08549068845,0.0484781444,0.08727404289,26.85,0.003731343284
unscreened,Y1:P_H_fixed,0.75,T99,9.133333333,5.309555456,12.95711121,5.116666667,13.61666667,24.28333333,22.94149976,25.62516691,22.95,25.55,0.9938057861,0.992325176,0.9952863963,0.9917825647,0.995398378,0.02276489956,0.01427683659,0.03125296252,0.01410275398,0.03217584354,0.1069464987,0.08651427209,0.1273787254,0.08645991078,0.127179674,26.85,0
unscreened,Y1:P_H_fixed,1,T99,-1.016666667,-8.31944845,6.286115116,-8.083333333,6.083333333,15.43333333,14.14286391,16.72380275,14.3,16.56666667,0.9884153754,0.9852662287,0.9915645221,0.9852258043,0.9911353314,0,0,0,0,0,0.1297113983,0.1115686823,0.1478541143,0.1107502125,0.1480213439,26.85,0
unscreened,Y2:P_H_fixed,0,T99,0,0,0,0,0,18.5,17.27038222,19.72961778,17,19.98333333,0.9857363096,0.9807512419,0.9907213774,0.9799702898,0.9906553641,0.1124991988,0.09733852954,0.1276598681,0.09627820677,0.1286096826,0,0,0,0,0,58.75,0.1124075128
unscreened,Y2:P_H_fixed,0.02,T99,-0.7333333333,-2.314828938,0.8481622709,-3.88375,2.03375,20.73333333,19.02262796,22.44403871,18.85,22.58333333,0.9884952801,0.9852685812,0.991721979,0.984606784,0.992126205,0.08930630683,0.07695274868,0.101659865,0.0740143463,0.1045256636,0.02319289201,0.01218155772,0.0342042263,0.008012660398,0.04011485267,58.75,0.08195788275
unscreened,Y2:P_H_fixed,0.05,T99,1.533333333,-0.1012869108,3.167953578,-1.383333333,4.233333333,21.1,19.58421234,22.61578766,19.28333333,22.73333333,0.9896387519,0.9852638227,0.9940136811,0.9846569174,0.9938824432,0.1032107654,0.08705121092,0.1193703198,0.08561666721,0.1197132432,0.009288433469,-0.00244893991,0.02102580685,-0.00557835452,0.02497073434,58.75,0.09675583381
unscreened,Y2:P_H_fixed,0.1,T99,2.616666667,1.110815321,4.122518012,0.1,5.416666667,22.3,20.94224727,23.65775273,20.51666667,23.95,0.9915032235,0.9884993382,0.9945071088,0.9875853459,0.9946057915,0.0987907668,0.08556284058,0.112018693,0.08394792585,0.1135237721,0.01370843204,0.002004123525,0.02541274056,-0.001516615241,0.02935161377,58.75,0.09277177006
unscreened,Y2:P_H_fixed,0.25,T99,4.583333333,2.255736219,6.910930448,1.916666667,7.45,24.31666667,22.90230891,25.73102442,22.96666667,25.78333333,0.9933412676,0.9913395178,0.9953430174,0.9909694415,0.9953985926,0.09513700693,0.08228480055,0.1079892133,0.08224947214,0.1075553773,0.01736219192,0.005773151345,0.02895123249,0.003298560094,0.03060301958,58.75,0.08053500285
unscreened,Y2:P_H_fixed,0.5,T99,4.416666667,1.232574635,7.600758698,1.033333333,7.816666667,24.33333333,23.31113463,25.35553204,23.28291667,25.38333333,0.9935775915,0.9913693225,0.9957858606,0.991045518,0.9957175538,0.07197105193,0.05988920513,0.08405289872,0.06002289646,0.08393090655,0.04052814691,0.02522843892,0.05582785491,0.0242554976,0.0561911535,58.75,0.05122367672
unscreened,Y2:P_H_fixed,0.75,T99,3.9,0.744444177,7.055555823,0.5833333333,7.416666667,22.83333333,21.78149631,23.88517036,21.75,23.86666667,0.9931832805,0.9909478483,0.9954187127,0.9907794807,0.9952904517,0.02744398249,0.01815509722,0.03673286777,0.01914463031,0.03634317759,0.08505521635,0.06691780783,0.1031926249,0.06690415909,0.1030637183,58.75,0.002276607854
unscreened,Y2:P_H_fixed,1,T99,-10.93333333,-15.71937898,-6.147287686,-15.76666667,-6.35,8.566666667,7.827182942,9.306150391,7.9,9.233333333,0.9820170217,0.9786680075,0.9853660359,0.978769934,0.985137506,0,0,0,0,0,0.1124991988,0.09733852954,0.1276598681,0.09627820677,0.1286096826,58.75,0
unscreened,Y2:P_H_matched_Y2,0,T99,0,0,0,0,0,18.5,17.27038222,19.72961778,17,19.98333333,0.9857363096,0.9807512419,0.9907213774,0.9799702898,0.9906553641,0.1182563739,0.1033341249,0.1331786229,0.102971784,0.1339782912,0,0,0,0,0,32.25,0.1532884516
unscreened,Y2:P_H_matched_Y2,0.02,T99,1,-1.24599356,3.24599356,-1.966666667,3.88375,21.31666667,19.94112466,22.69220867,19.66666667,22.8,0.9891859689,0.9856289328,0.992743005,0.9853390092,0.9926900399,0.1146196953,0.09419028685,0.1350491037,0.09568512457,0.1350941571,0.003636678602,-0.01050309809,0.01777645529,-0.01210929762,0.01934855502,32.25,0.1330916624
unscreened,Y2:P_H_matched_Y2,0.05,T99,1.533333333,-0.3862488616,3.452915528,-1.450416667,4.433333333,22.1,20.79150116,23.40849884,20.48333333,23.55,0.9907363752,0.9872610712,0.9942116793,0.986976914,0.9941477341,0.1047558497,0.08500857612,0.1245031232,0.08543948982,0.1246572325,0.01350052423,-0.003874258815,0.03087530727,-0.004975824708,0.03227530719,32.25,0.1232522009
unscreened,Y2:P_H_matched_Y2,0.1,T99,1.583333333,-1.114858071,4.281524738,-1.866666667,4.766666667,24.41666667,23.2481073,25.58522603,23.13333333,25.6,0.9922981435,0.9898465487,0.9947497383,0.9895119427,0.9947874358,0.1071926066,0.08697458752,0.1274106257,0.08681537124,0.1273290112,0.01106376726,-0.01113201593,0.03325955046,-0.01028038985,0.03416850328,32.25,0.132573796
unscreened,Y2:P_H_matched_Y2,0.25,T99,3.283333333,0.3736314065,6.19303526,-0.25,6.867083333,26.35,25.37577678,27.32422322,25.2,27.48333333,0.992752225,0.990558334,0.9949461159,0.990202638,0.9949414614,0.1027407129,0.08632461771,0.1191568081,0.08584306739,0.119532252,0.01551566096,-0.005218066104,0.03624938802,-0.005373380756,0.03746706338,32.25,0.09994821336
unscreened,Y2:P_H_matched_Y2,0.5,T99,4.933333333,1.678776788,8.187889879,1.516666667,8.533333333,26.41666667,25.31607454,27.51725879,25.23333333,27.55,0.9933733592,0.9912927406,0.9954539777,0.9910684298,0.9953322061,0.07615871496,0.05865677194,0.09366065797,0.06035861377,0.0922007754,0.04209765893,0.01970413661,0.06449118125,0.02039364776,0.06347628318,32.25,0.03676851372
unscreened,Y2:P_H_matched_Y2,0.75,T99,5.133333333,1.39066294,8.876003727,1.283333333,9.150416667,25.16666667,23.91852365,26.41480969,23.98333333,26.28333333,0.9936378616,0.9920742669,0.9952014562,0.9919115535,0.9951664455,0.04068254348,0.02815457329,0.05321051368,0.029335704,0.05199678343,0.0775738304,0.05803633185,0.09711132895,0.05850567355,0.0969954192,32.25,0
unscreened,Y2:P_H_matched_Y2,1,T99,-2.783333333,-8.754197383,3.187530716,-8.383333333,2.633333333,14.05,12.95820778,15.14179222,13.1,15.03333333,0.9878480114,0.9856647435,0.9900312794,0.9857092913,0.9897653986,0,0,0,0,0,0.1182563739,0.1033341249,0.1331786229,0.102971784,0.1339782912,32.25,0
