cell,term,post_mean,post_sd
Y1:P_H_fixed,Intercept,-7.053,0.013
Y1:P_H_fixed,"C(beta, Treatment('0'))[T.0.02]",-0.078,0.037
Y1:P_H_fixed,"C(beta, Treatment('0'))[T.0.05]",-0.706,0.036
Y1:P_H_fixed,"C(beta, Treatment('0'))[T.0.1]",-1.276,0.035
Y1:P_H_fixed,"C(beta, Treatment('0'))[T.0.25]",-5.59,0.035
Y1:P_H_fixed,"C(beta, Treatment('0'))[T.0.5]",-10.756,0.036
Y1:P_H_fixed,"C(beta, Treatment('0'))[T.0.75]",-18.245,0.037
Y1:P_H_fixed,"C(beta, Treatment('0'))[T.1]",-36.784,0.047
Y1:P_H_fixed,pctl,5.009,0.014
Y1:P_H_fixed,"C(beta, Treatment('0'))[T.0.02]:pctl",0.372,0.041
Y1:P_H_fixed,"C(beta, Treatment('0'))[T.0.05]:pctl",1.229,0.04
Y1:P_H_fixed,"C(beta, Treatment('0'))[T.0.1]:pctl",2.048,0.039
Y1:P_H_fixed,"C(beta, Treatment('0'))[T.0.25]:pctl",6.902,0.038
Y1:P_H_fixed,"C(beta, Treatment('0'))[T.0.5]:pctl",12.488,0.039
Y1:P_H_fixed,"C(beta, Treatment('0'))[T.0.75]:pctl",20.393,0.04
Y1:P_H_fixed,"C(beta, Treatment('0'))[T.1]:pctl",38.709,0.049
Y1:P_phys_fixed,Intercept,-9.172,0.014
Y1:P_phys_fixed,"C(beta, Treatment('0'))[T.0.02]",6.571,0.04
Y1:P_phys_fixed,"C(beta, Treatment('0'))[T.0.05]",4.184,0.039
Y1:P_phys_fixed,"C(beta, Treatment('0'))[T.0.1]",2.558,0.038
Y1:P_phys_fixed,"C(beta, Treatment('0'))[T.0.25]",-0.18,0.038
Y1:P_phys_fixed,"C(beta, Treatment('0'))[T.0.5]",-5.841,0.039
Y1:P_phys_fixed,"C(beta, Treatment('0'))[T.0.75]",-10.161,0.039
Y1:P_phys_fixed,"C(beta, Treatment('0'))[T.1]",-25.166,0.041
Y1:P_phys_fixed,pctl,6.132,0.014
Y1:P_phys_fixed,"C(beta, Treatment('0'))[T.0.02]:pctl",-6.42,0.041
Y1:P_phys_fixed,"C(beta, Treatment('0'))[T.0.05]:pctl",-3.727,0.04
Y1:P_phys_fixed,"C(beta, Treatment('0'))[T.0.1]:pctl",-1.874,0.04
Y1:P_phys_fixed,"C(beta, Treatment('0'))[T.0.25]:pctl",1.15,0.039
Y1:P_phys_fixed,"C(beta, Treatment('0'))[T.0.5]:pctl",7.165,0.04
Y1:P_phys_fixed,"C(beta, Treatment('0'))[T.0.75]:pctl",11.754,0.04
Y1:P_phys_fixed,"C(beta, Treatment('0'))[T.1]:pctl",27.454,0.042
Y2:P_H_fixed,Intercept,-4.8,0.014
Y2:P_H_fixed,"C(beta, Treatment('0'))[T.0.02]",-0.949,0.039
Y2:P_H_fixed,"C(beta, Treatment('0'))[T.0.05]",-1.16,0.038
Y2:P_H_fixed,"C(beta, Treatment('0'))[T.0.1]",-1.918,0.037
Y2:P_H_fixed,"C(beta, Treatment('0'))[T.0.25]",-4.014,0.037
Y2:P_H_fixed,"C(beta, Treatment('0'))[T.0.5]",-7.382,0.038
Y2:P_H_fixed,"C(beta, Treatment('0'))[T.0.75]",-16.263,0.041
Y2:P_H_fixed,"C(beta, Treatment('0'))[T.1]",-29.05,0.062
Y2:P_H_fixed,pctl,2.445,0.017
Y2:P_H_fixed,"C(beta, Treatment('0'))[T.0.02]:pctl",1.454,0.047
Y2:P_H_fixed,"C(beta, Treatment('0'))[T.0.05]:pctl",1.805,0.046
Y2:P_H_fixed,"C(beta, Treatment('0'))[T.0.1]:pctl",2.966,0.044
Y2:P_H_fixed,"C(beta, Treatment('0'))[T.0.25]:pctl",5.572,0.043
Y2:P_H_fixed,"C(beta, Treatment('0'))[T.0.5]:pctl",9.376,0.043
Y2:P_H_fixed,"C(beta, Treatment('0'))[T.0.75]:pctl",19.041,0.045
Y2:P_H_fixed,"C(beta, Treatment('0'))[T.1]:pctl",30.366,0.065
Y2:P_H_matched_Y2,Intercept,-5.285,0.013
Y2:P_H_matched_Y2,"C(beta, Treatment('0'))[T.0.02]",0.155,0.037
Y2:P_H_matched_Y2,"C(beta, Treatment('0'))[T.0.05]",-1.016,0.036
Y2:P_H_matched_Y2,"C(beta, Treatment('0'))[T.0.1]",-1.873,0.036
Y2:P_H_matched_Y2,"C(beta, Treatment('0'))[T.0.25]",-5.026,0.035
Y2:P_H_matched_Y2,"C(beta, Treatment('0'))[T.0.5]",-10.047,0.035
Y2:P_H_matched_Y2,"C(beta, Treatment('0'))[T.0.75]",-18.012,0.036
Y2:P_H_matched_Y2,"C(beta, Treatment('0'))[T.1]",-37.459,0.044
Y2:P_H_matched_Y2,pctl,2.961,0.014
Y2:P_H_matched_Y2,"C(beta, Treatment('0'))[T.0.02]:pctl",0.043,0.042
Y2:P_H_matched_Y2,"C(beta, Treatment('0'))[T.0.05]:pctl",1.535,0.041
Y2:P_H_matched_Y2,"C(beta, Treatment('0'))[T.0.1]:pctl",2.64,0.039
Y2:P_H_matched_Y2,"C(beta, Treatment('0'))[T.0.25]:pctl",6.256,0.038
Y2:P_H_matched_Y2,"C(beta, Treatment('0'))[T.0.5]:pctl",11.815,0.038
Y2:P_H_matched_Y2,"C(beta, Treatment('0'))[T.0.75]:pctl",20.251,0.038
Y2:P_H_matched_Y2,"C(beta, Treatment('0'))[T.1]:pctl",39.486,0.046
Y2:P_phys_fixed,Intercept,-3.495,0.016
Y2:P_phys_fixed,"C(beta, Treatment('0'))[T.0.02]",-2.144,0.042
Y2:P_phys_fixed,"C(beta, Treatment('0'))[T.0.05]",-3.065,0.043
Y2:P_phys_fixed,"C(beta, Treatment('0'))[T.0.1]",-3.901,0.044
Y2:P_phys_fixed,"C(beta, Treatment('0'))[T.0.25]",-5.534,0.046
Y2:P_phys_fixed,"C(beta, Treatment('0'))[T.0.5]",-10.694,0.05
Y2:P_phys_fixed,"C(beta, Treatment('0'))[T.0.75]",-13.206,0.051
Y2:P_phys_fixed,"C(beta, Treatment('0'))[T.1]",-17.738,0.063
Y2:P_phys_fixed,pctl,0.913,0.019
Y2:P_phys_fixed,"C(beta, Treatment('0'))[T.0.02]:pctl",2.765,0.05
Y2:P_phys_fixed,"C(beta, Treatment('0'))[T.0.05]:pctl",3.799,0.051
Y2:P_phys_fixed,"C(beta, Treatment('0'))[T.0.1]:pctl",4.822,0.05
Y2:P_phys_fixed,"C(beta, Treatment('0'))[T.0.25]:pctl",6.668,0.051
Y2:P_phys_fixed,"C(beta, Treatment('0'))[T.0.5]:pctl",12.233,0.053
Y2:P_phys_fixed,"C(beta, Treatment('0'))[T.0.75]:pctl",15.129,0.054
Y2:P_phys_fixed,"C(beta, Treatment('0'))[T.1]:pctl",17.785,0.065
Y2:P_phys_matched_Y2,Intercept,-7.902,0.015
Y2:P_phys_matched_Y2,"C(beta, Treatment('0'))[T.0.02]",1.543,0.043
Y2:P_phys_matched_Y2,"C(beta, Treatment('0'))[T.0.05]",-0.914,0.043
Y2:P_phys_matched_Y2,"C(beta, Treatment('0'))[T.0.1]",-1.376,0.043
Y2:P_phys_matched_Y2,"C(beta, Treatment('0'))[T.0.25]",0.124,0.041
Y2:P_phys_matched_Y2,"C(beta, Treatment('0'))[T.0.5]",-0.711,0.041
Y2:P_phys_matched_Y2,"C(beta, Treatment('0'))[T.0.75]",-7.5,0.042
Y2:P_phys_matched_Y2,"C(beta, Treatment('0'))[T.1]",-32.57,0.045
Y2:P_phys_matched_Y2,pctl,5.041,0.016
Y2:P_phys_matched_Y2,"C(beta, Treatment('0'))[T.0.02]:pctl",-1.441,0.045
Y2:P_phys_matched_Y2,"C(beta, Treatment('0'))[T.0.05]:pctl",1.236,0.045
Y2:P_phys_matched_Y2,"C(beta, Treatment('0'))[T.0.1]:pctl",1.765,0.045
Y2:P_phys_matched_Y2,"C(beta, Treatment('0'))[T.0.25]:pctl",0.338,0.044
Y2:P_phys_matched_Y2,"C(beta, Treatment('0'))[T.0.5]:pctl",1.338,0.043
Y2:P_phys_matched_Y2,"C(beta, Treatment('0'))[T.0.75]:pctl",8.489,0.044
Y2:P_phys_matched_Y2,"C(beta, Treatment('0'))[T.1]:pctl",35.2,0.046
