universe,cell,beta,mean_L,se,df,ci_lo,ci_hi,p,boot_ci_lo,boot_ci_hi,boot_p_v1_0,p_holm,reject_H0,role
primary,Y1:P_H_fixed,0.25,0.02414164343,0.01036702281,15.99468462,0.002163943241,0.04611934361,0.01665672481,-0.0009324186365,0.04865298647,0.03069693031,0.06188000946,False,confirmatory
primary,Y1:P_H_fixed,0.5,0.05857725933,0.01038987682,17.40010354,0.03669486934,0.08045964932,1.353252337e-05,0.03494962153,0.08234194835,9.9990001e-05,0.0001217927104,True,confirmatory
primary,Y1:P_phys_fixed,0.25,0.00294333504,0.004171411348,15.18324487,-0.005938480838,0.01182515092,0.2455618292,-0.007377648672,0.014729859,0.3146685331,0.2455618292,False,confirmatory
primary,Y1:P_phys_fixed,0.5,0.01412668422,0.00570527835,17.55402937,0.002118474009,0.02613489443,0.01186286213,0.0007537431248,0.02907454571,0.01859814019,0.05931431065,False,confirmatory
primary,Y2:P_H_fixed,0.25,0.0460300104,0.01208367242,14.29210021,0.0201627159,0.07189730491,0.0009255762764,0.01985824175,0.07126532142,0.000299970003,0.006479033935,True,confirmatory
primary,Y2:P_H_fixed,0.5,0.07684097465,0.01243777429,15.78621296,0.05044502057,0.1032369287,7.038901444e-06,0.04988113021,0.1022848099,9.9990001e-05,7.038901444e-05,True,confirmatory
primary,Y2:P_H_matched_Y2,0.25,0.03874761209,0.01373103526,15.73478223,0.0095991912,0.06789603298,0.006212661029,0.01125785886,0.06790005981,0.001899810019,0.03727596617,True,confirmatory
primary,Y2:P_H_matched_Y2,0.5,0.05910365367,0.01401659194,16.5307152,0.02946714858,0.08874015876,0.0003068148599,0.02902272729,0.08802470795,0.000299970003,0.002454518879,True,confirmatory
primary,Y2:P_phys_fixed,0.25,0.09681204515,0.01276928972,17.51391532,0.06993129287,0.1236927974,3.110929649e-07,0.06636265256,0.1272784729,9.9990001e-05,3.422022614e-06,True,confirmatory
primary,Y2:P_phys_fixed,0.5,0.1325117288,0.01292144771,17.4630862,0.1053048234,0.1597186343,4.095092318e-09,0.1020467443,0.1633670636,9.9990001e-05,4.914110781e-08,True,confirmatory
primary,Y2:P_phys_matched_Y2,0.25,0.01933596318,0.008253804035,17.85282439,0.0019851119,0.03668681447,0.01547000236,-1.736225873e-05,0.03966969367,0.02529747025,0.06188000946,False,confirmatory
primary,Y2:P_phys_matched_Y2,0.5,0.01769373131,0.008132991821,17.77151879,0.0005911895261,0.03479627309,0.02166897742,-0.00199993663,0.03860828754,0.0401959804,0.06188000946,False,confirmatory
sens1_no_Pm_Tc,Y1:P_H_fixed,0.25,0.03830332455,0.01238484934,17.91024133,0.01227437149,0.0643322776,0.003152821664,0.009839092636,0.06700504219,0.004699530047,,,descriptive (sensitivity)
sens1_no_Pm_Tc,Y1:P_H_fixed,0.5,0.07210829651,0.01075887118,17.67875608,0.04947526977,0.09474132325,1.516955084e-06,0.04795878086,0.0967203471,9.9990001e-05,,,descriptive (sensitivity)
sens1_no_Pm_Tc,Y1:P_phys_fixed,0.25,-0.001378643863,0.006064621335,14.7229592,-0.01432629564,0.01156900791,0.5883515005,-0.01449079443,0.01360169492,0.5869413059,,,descriptive (sensitivity)
sens1_no_Pm_Tc,Y1:P_phys_fixed,0.5,0.009214738824,0.005353074019,15.7324649,-0.002148975072,0.02057845272,0.05239003783,-0.002856982554,0.02295527521,0.07659234077,,,descriptive (sensitivity)
sens1_no_Pm_Tc,Y2:P_H_fixed,0.25,0.03784628872,0.009956987453,16.28914837,0.01676882905,0.05892374839,0.0007629482759,0.01535167462,0.06106627054,0.000499950005,,,descriptive (sensitivity)
sens1_no_Pm_Tc,Y2:P_H_fixed,0.5,0.08096532242,0.01127874014,17.40143726,0.05721100955,0.1047196353,6.738970413e-07,0.05570469673,0.1053553275,9.9990001e-05,,,descriptive (sensitivity)
sens1_no_Pm_Tc,Y2:P_H_matched_Y2,0.25,0.02876323138,0.01282923288,16.64719452,0.001652152239,0.05587431052,0.01944620009,0.0005370843886,0.05735102929,0.02339766023,,,descriptive (sensitivity)
sens1_no_Pm_Tc,Y2:P_H_matched_Y2,0.5,0.07253214494,0.01659088642,17.99981757,0.03767596068,0.1073883292,0.0001838538102,0.03858283817,0.1072675864,9.9990001e-05,,,descriptive (sensitivity)
sens1_no_Pm_Tc,Y2:P_phys_fixed,0.25,0.08580362361,0.01123033492,17.32053157,0.06214304558,0.1094642016,3.008566146e-07,0.05953550555,0.1129120966,9.9990001e-05,,,descriptive (sensitivity)
sens1_no_Pm_Tc,Y2:P_phys_fixed,0.5,0.1230078252,0.01118445843,17.7557734,0.09948696134,0.146528689,1.176762571e-09,0.09695672609,0.1492893694,9.9990001e-05,,,descriptive (sensitivity)
sens1_no_Pm_Tc,Y2:P_phys_matched_Y2,0.25,0.02152591077,0.006525327907,17.92086766,0.007812365141,0.03523945641,0.002005043028,0.004236833561,0.04012404215,0.006399360064,,,descriptive (sensitivity)
sens1_no_Pm_Tc,Y2:P_phys_matched_Y2,0.5,0.01963845055,0.006804947187,17.98298389,0.00534081728,0.03393608382,0.004923494658,0.00175558072,0.03885725128,0.01629837016,,,descriptive (sensitivity)
unscreened,Y1:P_H_fixed,0.25,0.03235766387,0.01016090689,14.60541411,0.01064913089,0.05406619684,0.003164952686,0.01130016708,0.05470222353,0.002299770023,,,descriptive (sensitivity)
unscreened,Y1:P_H_fixed,0.5,0.06762972471,0.008498526096,17.91292907,0.04976876097,0.08549068845,1.366281202e-07,0.0484781444,0.08727404289,9.9990001e-05,,,descriptive (sensitivity)
unscreened,Y2:P_H_fixed,0.25,0.01736219192,0.005403630762,14.00766256,0.005773151345,0.02895123249,0.003126078787,0.003298560094,0.03060301958,0.008599140086,,,descriptive (sensitivity)
unscreened,Y2:P_H_fixed,0.5,0.04052814691,0.006905072728,10.43108696,0.02522843892,0.05582785491,6.66023782e-05,0.0242554976,0.0561911535,9.9990001e-05,,,descriptive (sensitivity)
unscreened,Y2:P_H_matched_Y2,0.25,0.01551566096,0.009795999031,16.31820991,-0.005218066104,0.03624938802,0.0662040212,-0.005373380756,0.03746706338,0.07489251075,,,descriptive (sensitivity)
unscreened,Y2:P_H_matched_Y2,0.5,0.04209765893,0.01065065747,17.80782591,0.01970413661,0.06449118125,0.0004751193744,0.02039364776,0.06347628318,0.000199980002,,,descriptive (sensitivity)
