universe,cell,efficiency_outcome,baseline_R_dis,chance_recall,baseline_minus_chance_lower95,applicable,beneficial_and_safe_betas,role
primary,Y1:P_H_fixed,T99,0.1585847155,0.01612424557,0.1214732306,True,[0.1],confirmatory
primary,Y1:P_phys_fixed,T99,0.06536900941,0.01612424557,0.03848661016,True,"[0.02, 0.05, 0.1, 0.25]",confirmatory
primary,Y2:P_H_fixed,T99,0.1531349547,0.01612424557,0.1197351743,True,[],confirmatory
primary,Y2:P_H_matched_Y2,T99,0.1608842572,0.01612424557,0.1280828991,True,[0.02],confirmatory
primary,Y2:P_phys_fixed,T99,0.1373295235,0.01612424557,0.09820056329,True,[],confirmatory
primary,Y2:P_phys_matched_Y2,T99,0.0813729718,0.01612424557,0.05071207969,True,[],confirmatory
sens1_no_Pm_Tc,Y1:P_H_fixed,T99,0.1779563095,0.01694285631,0.1442902833,True,"[0.02, 0.05]",descriptive (sensitivity)
sens1_no_Pm_Tc,Y1:P_phys_fixed,T99,0.07043156425,0.01694285631,0.04391824079,True,"[0.02, 0.05, 0.1, 0.25]",descriptive (sensitivity)
sens1_no_Pm_Tc,Y2:P_H_fixed,T99,0.1627121891,0.01694285631,0.1275417656,True,[0.02],descriptive (sensitivity)
sens1_no_Pm_Tc,Y2:P_H_matched_Y2,T99,0.1718778817,0.01694285631,0.1392738097,True,"[0.02, 0.05, 0.1]",descriptive (sensitivity)
sens1_no_Pm_Tc,Y2:P_phys_fixed,T99,0.1274899344,0.01694285631,0.09092729524,True,[],descriptive (sensitivity)
sens1_no_Pm_Tc,Y2:P_phys_matched_Y2,T99,0.08087830379,0.01694285631,0.05260869128,True,[],descriptive (sensitivity)
unscreened,Y1:P_H_fixed,T99,0.1297113983,0.01216933637,0.1025680475,True,[],descriptive (sensitivity)
unscreened,Y2:P_H_fixed,T99,0.1124991988,0.01216933637,0.08786495528,True,[],descriptive (sensitivity)
unscreened,Y2:P_H_matched_Y2,T99,0.1182563739,0.01216933637,0.09377726464,True,[],descriptive (sensitivity)
