universe,cell,beta,gain_mean,gain_lower95,loss_mean,relative_loss,margin_upper_adjusted,margin_upper95,margin_lower95,state_unadjusted,beneficial,safe,beneficial_and_safe,safe_at_10pct,safe_at_25pct,role
primary,Y1:P_H_fixed,0.02,0.2333333333,-2.256780636,0.01118462838,0.07052778287,0.002216296526,-0.005594605488,-0.03547002396,safe,False,False,False,False,True,confirmatory
primary,Y1:P_H_fixed,0.05,2.65,0.3476989799,0.01145318546,0.07222124417,0.0006501003833,-0.006580600394,-0.0339469149,safe,True,False,False,False,True,confirmatory
primary,Y1:P_H_fixed,0.1,5.616666667,3.442348602,0.003486509475,0.02198515452,-0.008957980544,-0.01561693986,-0.04084392741,safe,True,True,True,False,True,confirmatory
primary,Y1:P_H_fixed,0.25,7.483333333,5.430918158,0.02414164343,0.1522318424,0.01851815944,0.009400433324,-0.02455103269,inconclusive,True,False,False,False,False,confirmatory
primary,Y1:P_H_fixed,0.5,8.566666667,6.089476286,0.05857725933,0.3693751893,0.05036461532,0.04229825835,0.01142237409,unsafe,True,False,False,False,False,confirmatory
primary,Y1:P_H_fixed,0.75,9.55,6.969531883,0.1102880202,0.6954517641,0.1049013652,0.0958180916,0.06132406255,unsafe,True,False,False,False,False,confirmatory
primary,Y1:P_phys_fixed,0.02,3.783333333,1.253408901,-0.01256629102,-0.1922362161,-0.01123741431,-0.01645643062,-0.03482375518,safe,True,True,True,True,True,confirmatory
primary,Y1:P_phys_fixed,0.05,7.85,5.461329571,-0.007215975265,-0.1103883221,-0.006061843929,-0.01105523825,-0.02952431604,safe,True,True,True,False,True,confirmatory
primary,Y1:P_phys_fixed,0.1,10.41666667,7.464527592,-0.002953442354,-0.04518107862,-0.0005031052275,-0.005827728204,-0.02622676027,safe,True,True,True,False,True,confirmatory
primary,Y1:P_phys_fixed,0.25,13.88333333,10.63526592,0.00294333504,0.04502645928,-0.001012227547,-0.004202646534,-0.01605828715,safe,True,True,True,False,True,confirmatory
primary,Y1:P_phys_fixed,0.5,14.68333333,11.50038951,0.01412668422,0.2161067507,0.01357572565,0.009267647645,-0.007161882974,inconclusive,True,False,False,False,False,confirmatory
primary,Y1:P_phys_fixed,0.75,15.26666667,12.07572946,0.02850228404,0.4360213547,0.02926395815,0.02451386919,0.006343095118,unsafe,True,False,False,False,False,confirmatory
primary,Y2:P_H_fixed,0.02,1,-0.5255952405,0.02109354889,0.1377448338,0.006167584365,0.000714352817,-0.01978123692,inconclusive,False,False,False,False,True,confirmatory
primary,Y2:P_H_fixed,0.05,1.516666667,-0.9061036612,0.02378302157,0.1553075952,0.01678328089,0.008605023492,-0.02229296225,inconclusive,False,False,False,False,False,confirmatory
primary,Y2:P_H_fixed,0.1,2.233333333,-0.7555263976,0.02651016878,0.1731163785,0.02477862138,0.01482066812,-0.02305431245,inconclusive,False,False,False,False,False,confirmatory
primary,Y2:P_H_fixed,0.25,2.516666667,-0.04144900707,0.0460300104,0.3005846084,0.04417855165,0.03410204238,-0.003296003471,inconclusive,False,False,False,False,False,confirmatory
primary,Y2:P_H_fixed,0.5,3.483333333,0.6728797492,0.07684097465,0.5017859886,0.07512718279,0.06509555767,0.02733240974,unsafe,True,False,False,False,False,confirmatory
primary,Y2:P_H_fixed,0.75,3.633333333,0.7920273958,0.1328748253,0.8676975517,0.1309242146,0.1210387398,0.08345692892,unsafe,True,False,False,False,False,confirmatory
primary,Y2:P_H_matched_Y2,0.02,2.383333333,0.2851452028,0.008001465099,0.04973429493,-0.009011651692,-0.01424411785,-0.03410665485,safe,True,True,True,False,True,confirmatory
primary,Y2:P_H_matched_Y2,0.05,2.083333333,-0.1131894595,0.01455201767,0.09045022749,0.006248578748,-0.001950101293,-0.03329956627,safe,False,False,False,False,True,confirmatory
primary,Y2:P_H_matched_Y2,0.1,2.183333333,-0.6077430462,0.02285936901,0.1420858038,0.01952285503,0.009519919258,-0.02815488414,inconclusive,False,False,False,False,False,confirmatory
primary,Y2:P_H_matched_Y2,0.25,1.7,-1.192035444,0.03874761209,0.2408415388,0.04035025915,0.02861374256,-0.01547222129,inconclusive,False,False,False,False,False,confirmatory
primary,Y2:P_H_matched_Y2,0.5,3.3,0.5953481848,0.05910365367,0.3673675391,0.06177133145,0.04971033607,0.004143268374,unsafe,True,False,False,False,False,confirmatory
primary,Y2:P_H_matched_Y2,0.75,3.666666667,0.8780492597,0.09968930908,0.6196337092,0.1032610774,0.09091706802,0.04410784723,unsafe,True,False,False,False,False,confirmatory
primary,Y2:P_phys_fixed,0.02,0.9333333333,-1.359518515,0.06041739677,0.4399447054,0.0592846516,0.05006551861,0.01583746552,unsafe,False,False,False,False,False,confirmatory
primary,Y2:P_phys_fixed,0.05,1.583333333,-0.9446402537,0.07488312257,0.5452805825,0.07382677072,0.06472486591,0.03010956983,unsafe,False,False,False,False,False,confirmatory
primary,Y2:P_phys_fixed,0.1,2.483333333,-0.2615987879,0.08212041199,0.5979807538,0.08365454882,0.07369194983,0.03561706474,unsafe,False,False,False,False,False,confirmatory
primary,Y2:P_phys_fixed,0.25,4.933333333,2.754853786,0.09681204515,0.704961633,0.0963831147,0.08709359068,0.05159869021,unsafe,True,False,False,False,False,confirmatory
primary,Y2:P_phys_fixed,0.5,6.116666667,3.847692946,0.1325117288,0.9649179976,0.1322999682,0.1229335241,0.08715812419,unsafe,True,False,False,False,False,confirmatory
primary,Y2:P_phys_fixed,0.75,4.75,2.399933134,0.1373295235,1,0.137968423,0.1282653307,0.09146190694,unsafe,True,False,False,False,False,confirmatory
primary,Y2:P_phys_matched_Y2,0.02,2.833333333,0.6547003218,0.02170492791,0.2667338728,0.02343316957,0.01721675152,-0.00635608442,inconclusive,True,False,False,False,False,confirmatory
primary,Y2:P_phys_matched_Y2,0.05,5.7,3.824425597,0.03203614867,0.3936952033,0.03258079768,0.02663714691,0.004885961719,unsafe,True,False,False,False,False,confirmatory
primary,Y2:P_phys_matched_Y2,0.1,6.566666667,4.48267621,0.0344556303,0.4234284374,0.03613285178,0.02993363161,0.006428440265,unsafe,True,False,False,False,False,confirmatory
primary,Y2:P_phys_matched_Y2,0.25,8.2,5.715903951,0.01933596318,0.2376214455,0.02120537093,0.01497673246,-0.008853994808,inconclusive,True,False,False,False,False,confirmatory
primary,Y2:P_phys_matched_Y2,0.5,9,6.38551684,0.01769373131,0.2174399056,0.0192634114,0.01313429316,-0.01029601927,inconclusive,True,False,False,False,False,confirmatory
primary,Y2:P_phys_matched_Y2,0.75,9.433333333,6.771384022,0.04645441133,0.5708825708,0.04744932701,0.04151972305,0.0188399109,unsafe,True,False,False,False,False,confirmatory
sens1_no_Pm_Tc,Y1:P_H_fixed,0.02,2.633333333,0.0754491178,0.007826166087,0.0439780197,-0.008339335901,-0.01501620626,-0.04051398538,safe,True,True,True,False,True,descriptive (sensitivity)
sens1_no_Pm_Tc,Y1:P_H_fixed,0.05,3.35,0.4543760161,0.01084405686,0.06093662477,-0.003177830354,-0.01068465827,-0.03880975183,safe,True,True,True,False,True,descriptive (sensitivity)
sens1_no_Pm_Tc,Y1:P_H_fixed,0.1,3.55,0.6010191121,0.02316077428,0.1301486547,0.01084985057,0.002865066269,-0.02772604152,inconclusive,True,False,False,False,False,descriptive (sensitivity)
sens1_no_Pm_Tc,Y1:P_H_fixed,0.25,5.1,1.623098086,0.03830332455,0.2152400477,0.03209845934,0.0220061652,-0.01658203991,inconclusive,True,False,False,False,False,descriptive (sensitivity)
sens1_no_Pm_Tc,Y1:P_H_fixed,0.5,7.866666667,5.142827456,0.07210829651,0.4052022471,0.06112523239,0.05265191666,0.02038215254,unsafe,True,False,False,False,False,descriptive (sensitivity)
sens1_no_Pm_Tc,Y1:P_H_fixed,0.75,7.583333333,4.516164096,0.1238719278,0.696080561,0.1185805491,0.1081688356,0.06839249612,unsafe,True,False,False,False,False,descriptive (sensitivity)
sens1_no_Pm_Tc,Y1:P_phys_fixed,0.02,5.766666667,3.648848781,-0.004797714137,-0.06811880708,-0.003644520083,-0.008941119759,-0.02882693422,safe,True,True,True,False,True,descriptive (sensitivity)
sens1_no_Pm_Tc,Y1:P_phys_fixed,0.05,7.883333333,5.944733733,-0.003069508956,-0.0435814395,-0.001526201451,-0.007076030557,-0.02723561306,safe,True,True,True,False,True,descriptive (sensitivity)
sens1_no_Pm_Tc,Y1:P_phys_fixed,0.1,10.25,7.658323317,-0.001958397845,-0.02780568437,-0.005013311239,-0.008797099713,-0.02329232168,safe,True,True,True,False,True,descriptive (sensitivity)
sens1_no_Pm_Tc,Y1:P_phys_fixed,0.25,11.53333333,8.895354017,-0.001378643863,-0.01957423319,-0.001092225117,-0.006141246949,-0.02478866648,safe,True,True,True,False,True,descriptive (sensitivity)
sens1_no_Pm_Tc,Y1:P_phys_fixed,0.5,12.4,9.722671819,0.009214738824,0.130832517,0.007246151577,0.003034644428,-0.01277779248,inconclusive,True,False,False,False,False,descriptive (sensitivity)
sens1_no_Pm_Tc,Y1:P_phys_fixed,0.75,13.03333333,10.25391632,0.01923291328,0.2730723573,0.01902309034,0.01424849055,-0.003955289697,inconclusive,True,False,False,False,False,descriptive (sensitivity)
sens1_no_Pm_Tc,Y2:P_H_fixed,0.02,3.333333333,1.821495064,0.01658792779,0.1019464361,-0.004363272961,-0.008339111166,-0.0235699089,safe,True,True,True,False,True,descriptive (sensitivity)
sens1_no_Pm_Tc,Y2:P_H_fixed,0.05,3.266666667,0.9045100473,0.02097506332,0.1289089861,0.002058764261,-0.002789782242,-0.02034496677,safe,True,False,False,False,True,descriptive (sensitivity)
sens1_no_Pm_Tc,Y2:P_H_fixed,0.1,3.166666667,0.7222958804,0.03022225469,0.1857405696,0.01469091232,0.008855494519,-0.01349586078,inconclusive,True,False,False,False,False,descriptive (sensitivity)
sens1_no_Pm_Tc,Y2:P_H_fixed,0.25,3.766666667,1.419252604,0.03784628872,0.2325965186,0.02806603761,0.02013537027,-0.009527668468,inconclusive,True,False,False,False,False,descriptive (sensitivity)
sens1_no_Pm_Tc,Y2:P_H_fixed,0.5,3.45,0.7735537127,0.08096532242,0.4975983844,0.07393817177,0.06514887014,0.03169689907,unsafe,True,False,False,False,False,descriptive (sensitivity)
sens1_no_Pm_Tc,Y2:P_H_fixed,0.75,2.716666667,0.09628694942,0.1381204948,0.8488638473,0.1322218441,0.1230843859,0.08807172814,unsafe,True,False,False,False,False,descriptive (sensitivity)
sens1_no_Pm_Tc,Y2:P_H_matched_Y2,0.02,4.016666667,1.879590778,0.005282323528,0.03073300343,-0.01467547471,-0.01962101851,-0.0385654871,safe,True,True,True,False,True,descriptive (sensitivity)
sens1_no_Pm_Tc,Y2:P_H_matched_Y2,0.05,4.733333333,2.396311897,0.00669621404,0.03895913758,-0.01068358119,-0.01655456354,-0.03880416106,safe,True,True,True,False,True,descriptive (sensitivity)
sens1_no_Pm_Tc,Y2:P_H_matched_Y2,0.1,3.916666667,1.442979222,0.01510000649,0.08785311028,-0.002178066677,-0.008161152819,-0.03038998686,safe,True,True,True,False,True,descriptive (sensitivity)
sens1_no_Pm_Tc,Y2:P_H_matched_Y2,0.25,3.95,0.9746003395,0.02876323138,0.1673469041,0.02588590239,0.01497382369,-0.02619851361,inconclusive,True,False,False,False,False,descriptive (sensitivity)
sens1_no_Pm_Tc,Y2:P_H_matched_Y2,0.5,2.8,-1.000757797,0.07253214494,0.4219981317,0.07867885227,0.0647812948,0.01153184242,unsafe,False,False,False,False,False,descriptive (sensitivity)
sens1_no_Pm_Tc,Y2:P_H_matched_Y2,0.75,3.583333333,0.04685818667,0.1106515033,0.6437797712,0.1088133624,0.09762413353,0.05492772048,unsafe,True,False,False,False,False,descriptive (sensitivity)
sens1_no_Pm_Tc,Y2:P_phys_fixed,0.02,0.7333333333,-1.987630166,0.05579258393,0.4376234421,0.05404909565,0.04587004663,0.01471914747,unsafe,False,False,False,False,False,descriptive (sensitivity)
sens1_no_Pm_Tc,Y2:P_phys_fixed,0.05,1.85,-0.5769887367,0.06007744009,0.4712328104,0.05630163587,0.04885212277,0.02030678365,unsafe,False,False,False,False,False,descriptive (sensitivity)
sens1_no_Pm_Tc,Y2:P_phys_fixed,0.1,2.866666667,0.368541088,0.06762468342,0.5304315492,0.06722878646,0.0585906444,0.02566274867,unsafe,True,False,False,False,False,descriptive (sensitivity)
sens1_no_Pm_Tc,Y2:P_phys_fixed,0.25,4.183333333,1.692374335,0.08580362361,0.6730227293,0.08445895385,0.07611942266,0.0444918508,unsafe,True,False,False,False,False,descriptive (sensitivity)
sens1_no_Pm_Tc,Y2:P_phys_fixed,0.5,6.583333333,4.499386617,0.1230078252,0.9648434267,0.1211452589,0.1130294905,0.08199018613,unsafe,True,False,False,False,False,descriptive (sensitivity)
sens1_no_Pm_Tc,Y2:P_phys_fixed,0.75,5.016666667,3.076543478,0.1274899344,1,0.1258788294,0.1176779663,0.08630592879,unsafe,True,False,False,False,False,descriptive (sensitivity)
sens1_no_Pm_Tc,Y2:P_phys_matched_Y2,0.02,4.95,3.305769762,0.02470371453,0.3054430344,0.02879771407,0.02183831463,-0.004782207088,inconclusive,True,False,False,False,False,descriptive (sensitivity)
sens1_no_Pm_Tc,Y2:P_phys_matched_Y2,0.05,6.683333333,4.625703943,0.0332907981,0.4116159284,0.03287429696,0.0274696201,0.006760654589,unsafe,True,False,False,False,False,descriptive (sensitivity)
sens1_no_Pm_Tc,Y2:P_phys_matched_Y2,0.1,6.916666667,4.987145089,0.03442155335,0.425596875,0.03524783996,0.02940704007,0.007084745113,unsafe,True,False,False,False,False,descriptive (sensitivity)
sens1_no_Pm_Tc,Y2:P_phys_matched_Y2,0.25,7.65,5.634790937,0.02152591077,0.2661518574,0.0199808185,0.0149523505,-0.00425185047,inconclusive,True,False,False,False,False,descriptive (sensitivity)
sens1_no_Pm_Tc,Y2:P_phys_matched_Y2,0.5,8.816666667,6.845746342,0.01963845055,0.2428148172,0.01865959133,0.01344733215,-0.006521752571,inconclusive,True,False,False,False,False,descriptive (sensitivity)
sens1_no_Pm_Tc,Y2:P_phys_matched_Y2,0.75,9.3,7.236574722,0.04755292551,0.5879565135,0.04829461953,0.04243696429,0.02031756523,unsafe,True,False,False,False,False,descriptive (sensitivity)
unscreened,Y1:P_H_fixed,0.02,2.116666667,-0.883503029,0.007665296083,0.05909500772,-0.004810158541,-0.009469151378,-0.02708481577,safe,False,True,False,False,True,descriptive (sensitivity)
unscreened,Y1:P_H_fixed,0.05,1.55,-0.9136425638,0.01965575944,0.1515345583,0.01001717871,0.0044120097,-0.01698505013,inconclusive,False,False,False,False,False,descriptive (sensitivity)
unscreened,Y1:P_H_fixed,0.1,5.266666667,2.653368143,0.01724838831,0.1329751166,0.01066880786,0.003940782692,-0.02132856538,inconclusive,True,False,False,False,False,descriptive (sensitivity)
unscreened,Y1:P_H_fixed,0.25,7.2,4.397078614,0.03235766387,0.2494589087,0.0313913804,0.02258241298,-0.009751644554,inconclusive,True,False,False,False,False,descriptive (sensitivity)
unscreened,Y1:P_H_fixed,0.5,8.1,4.999655817,0.06762972471,0.5213861357,0.06046228875,0.05401506255,0.02935982756,unsafe,True,False,False,False,False,descriptive (sensitivity)
unscreened,Y1:P_H_fixed,0.75,9.133333333,5.978360617,0.1069464987,0.8244957663,0.1026117968,0.09519513286,0.06681330529,unsafe,True,False,False,False,False,descriptive (sensitivity)
unscreened,Y2:P_H_fixed,0.02,-0.7333333333,-2.037927294,0.02319289201,0.2061605083,0.01296890084,0.008662502375,-0.007276397885,inconclusive,False,False,False,False,False,descriptive (sensitivity)
unscreened,Y2:P_H_fixed,0.05,1.533333333,0.1852232421,0.009288433469,0.08256444103,0.001094136264,-0.004063794817,-0.02235901778,safe,True,False,False,False,True,descriptive (sensitivity)
unscreened,Y2:P_H_fixed,0.1,2.616666667,1.373765741,0.01370843204,0.121853597,0.004261489375,-0.0003056276704,-0.01727718778,safe,True,False,False,False,True,descriptive (sensitivity)
unscreened,Y2:P_H_fixed,0.25,4.583333333,2.662197641,0.01736219192,0.1543316939,0.007668194951,0.003210565274,-0.01348586098,inconclusive,True,False,False,False,False,descriptive (sensitivity)
unscreened,Y2:P_H_fixed,0.5,4.416666667,1.790599719,0.04052814691,0.3602527603,0.03507727758,0.02889517845,0.007161435845,unsafe,True,False,False,False,False,descriptive (sensitivity)
unscreened,Y2:P_H_fixed,0.75,3.9,1.295587463,0.08505521635,0.7560517517,0.08234800955,0.07532120315,0.04978955001,unsafe,True,False,False,False,False,descriptive (sensitivity)
unscreened,Y2:P_H_matched_Y2,0.02,1,-0.8526565622,0.003636678602,0.03075249547,-0.001913713582,-0.008142323248,-0.0318868691,safe,False,True,False,False,True,descriptive (sensitivity)
unscreened,Y2:P_H_matched_Y2,0.05,1.533333333,-0.05105408069,0.01350052423,0.1141631845,0.01109566377,0.003728180386,-0.02402968148,inconclusive,False,False,False,False,False,descriptive (sensitivity)
unscreened,Y2:P_H_matched_Y2,0.1,1.583333333,-0.6300779761,0.01106376726,0.09355747095,0.01386509054,0.004663612099,-0.02983862712,inconclusive,False,False,False,False,False,descriptive (sensitivity)
unscreened,Y2:P_H_matched_Y2,0.25,3.283333333,0.8818223815,0.01551566096,0.1312035914,0.01582366301,0.007540288764,-0.0238115164,inconclusive,True,False,False,False,False,descriptive (sensitivity)
unscreened,Y2:P_H_matched_Y2,0.5,4.933333333,2.250823233,0.04209765893,0.355986384,0.04432991047,0.03545299007,0.001439778234,unsafe,True,False,False,False,False,descriptive (sensitivity)
unscreened,Y2:P_H_matched_Y2,0.75,5.133333333,2.063076735,0.0775738304,0.6559801206,0.07571072375,0.06823264304,0.03961246821,unsafe,True,False,False,False,False,descriptive (sensitivity)
