universe,cell,beta,splits,efficiency_outcome,gain,gain_lo,gain_hi,L,L_lo,L_hi,p_L_greater_0,df
primary,Y1:P_H_fixed,0.02,14,T99,-1.261904762,-5.281769953,2.757960429,0.01100930413,-0.01888228895,0.04090089721,0.2175494516,11.0997853
primary,Y1:P_H_fixed,0.05,14,T99,2.238095238,-1.46055379,5.936744266,0.005694316037,-0.01772281693,0.029111449,0.2965858158,8.502572066
primary,Y1:P_H_fixed,0.1,14,T99,4.642857143,1.998861376,7.28685291,0.006882363969,-0.01635579261,0.03012052055,0.2650328092,11.70922167
primary,Y1:P_H_fixed,0.25,14,T99,8.047619048,5.328537475,10.76670062,0.01294221784,-0.01376997471,0.0396544104,0.1549084482,11.23953542
primary,Y1:P_H_fixed,0.5,14,T99,8.19047619,4.976684651,11.40426773,0.04804853959,0.02117763426,0.07491944492,0.001064083192,11.98520034
primary,Y1:P_H_fixed,0.75,14,T99,9.80952381,6.624206452,12.99484117,0.09725444911,0.06348229606,0.1310266022,2.919419442e-05,10.82996776
primary,Y1:P_H_fixed,1,14,T99,4.952380952,-2.276205724,12.18096763,0.1476193274,0.1137312877,0.1815073671,3.139882037e-07,11.99955125
primary,Y1:P_phys_fixed,0.02,14,T99,3.30952381,-0.8671627462,7.486210365,-0.01943956794,-0.03050596858,-0.008373167299,0.9976926485,6.546245106
primary,Y1:P_phys_fixed,0.05,14,T99,7.714285714,4.083656922,11.34491451,-0.01563040987,-0.0242950928,-0.00696572694,0.9989977355,11.958905
primary,Y1:P_phys_fixed,0.1,14,T99,10.57142857,6.035299817,15.10755733,-0.01405773779,-0.02797758337,-0.000137892206,0.9759088035,9.460483654
primary,Y1:P_phys_fixed,0.25,14,T99,14.35714286,9.584937987,19.12934773,-0.003780708476,-0.0115595635,0.003998146546,0.8450171273,11.80736958
primary,Y1:P_phys_fixed,0.5,14,T99,15.07142857,10.54987869,19.59297846,0.01146384813,-0.003576670987,0.02650436724,0.06092895402,11.24154028
primary,Y1:P_phys_fixed,0.75,14,T99,15.71428571,11.12088674,20.30768469,0.02401474662,0.006115604816,0.04191388843,0.006408769484,11.84425197
primary,Y1:P_phys_fixed,1,14,T99,17.14285714,12.20815519,22.07755909,0.06073318216,0.04423692164,0.07722944268,1.931937036e-06,11.87651305
primary,Y2:P_H_fixed,0.02,14,T99,0.4285714286,-1.915342075,2.772484932,0.02335435026,0.004537990079,0.04217071044,0.01024258918,8.943044373
primary,Y2:P_H_fixed,0.05,14,T99,-0.8095238095,-3.544396593,1.925348974,0.03742246061,0.01771495643,0.05712996479,0.001153734964,8.112980809
primary,Y2:P_H_fixed,0.1,14,T99,1.619047619,-2.301641538,5.539736776,0.03483241819,0.00579907536,0.06386576102,0.01238246736,7.504434951
primary,Y2:P_H_fixed,0.25,14,T99,0.5,-3.043890291,4.043890291,0.05550449218,0.02029150785,0.09071747651,0.002971223537,9.248428259
primary,Y2:P_H_fixed,0.5,14,T99,0.5714285714,-2.599983814,3.742840956,0.08292992266,0.05192855171,0.1139312936,5.257373954e-05,10.99376049
primary,Y2:P_H_fixed,0.75,14,T99,0.4523809524,-2.781113414,3.685875319,0.1337515734,0.1007198757,0.166783271,2.134083596e-06,9.908987428
primary,Y2:P_H_fixed,1,14,T99,-17.07142857,-24.128214,-10.01464314,0.1539595802,0.1263332671,0.1815858933,5.661125127e-07,8.121093102
primary,Y2:P_H_matched_Y2,0.02,14,T99,1.785714286,-0.9640941028,4.535522674,0.009966551989,-0.006719988989,0.02665309297,0.108631687,11.85063558
primary,Y2:P_H_matched_Y2,0.05,14,T99,1.738095238,-1.307854253,4.784044729,0.009595318238,-0.009021748782,0.02821238526,0.1402586162,10.92278766
primary,Y2:P_H_matched_Y2,0.1,14,T99,2.547619048,-0.4949324726,5.590170568,0.01650246443,-0.003557933032,0.0365628619,0.04863808284,10.63884832
primary,Y2:P_H_matched_Y2,0.25,14,T99,1.095238095,-2.228649425,4.419125615,0.03244902756,0.003999901139,0.06089815398,0.01437228821,11.77550922
primary,Y2:P_H_matched_Y2,0.5,14,T99,1.285714286,-1.940223817,4.511652389,0.05686261813,0.02520394173,0.08852129453,0.00144448433,8.837082787
primary,Y2:P_H_matched_Y2,0.75,14,T99,2,-1.100993822,5.100993822,0.09661540743,0.06413395742,0.1290968574,6.814464562e-05,7.888284577
primary,Y2:P_H_matched_Y2,1,14,T99,-8.761904762,-16.89805414,-0.6257553822,0.1579400254,0.1333159904,0.1825640604,5.849058309e-08,9.24840311
primary,Y2:P_phys_fixed,0.02,14,T99,-0.02380952381,-2.779755282,2.732136235,0.07205022558,0.04367667733,0.1004237738,6.465934686e-05,11.99896804
primary,Y2:P_phys_fixed,0.05,14,T99,-0.5714285714,-3.254888012,2.112030869,0.08314426893,0.049335135,0.1169534029,8.745512928e-05,11.89941665
primary,Y2:P_phys_fixed,0.1,14,T99,0.5238095238,-2.658476057,3.706095104,0.08929555723,0.05134028469,0.1272508298,0.0001256065186,11.99019527
primary,Y2:P_phys_fixed,0.25,14,T99,2.738095238,0.4858201169,4.990370359,0.1011645448,0.06473827444,0.1375908151,2.883299492e-05,11.98860338
primary,Y2:P_phys_fixed,0.5,14,T99,3.380952381,1.172268208,5.589636554,0.1359177198,0.09951064332,0.1723247963,1.594578419e-06,11.98679102
primary,Y2:P_phys_fixed,0.75,14,T99,2.261904762,-0.7628161773,5.286625701,0.1416604012,0.1047048958,0.1786159065,1.245142341e-06,11.93323703
primary,Y2:P_phys_fixed,1,14,T99,-29.11904762,-32.68978096,-25.54831428,0.1416604012,0.1047048958,0.1786159065,1.245142341e-06,11.93323703
primary,Y2:P_phys_matched_Y2,0.02,14,T99,1.142857143,-0.8233869433,3.109101229,0.0223365802,0.001268185535,0.04340497487,0.02003175309,8.76128615
primary,Y2:P_phys_matched_Y2,0.05,14,T99,4.071428571,2.372861046,5.769996097,0.02951802967,0.007205009213,0.05183105012,0.007522235655,9.155901351
primary,Y2:P_phys_matched_Y2,0.1,14,T99,4.714285714,2.246067888,7.182503541,0.03452234058,0.0119325228,0.05711215835,0.003042126106,11.72451675
primary,Y2:P_phys_matched_Y2,0.25,14,T99,5.5,2.916166449,8.083833551,0.02193386903,-6.592838716e-05,0.04393366645,0.02529251316,11.65901912
primary,Y2:P_phys_matched_Y2,0.5,14,T99,6.166666667,3.454611798,8.878721536,0.01697222752,-0.005787714701,0.03973216974,0.06467980592,11.29452977
primary,Y2:P_phys_matched_Y2,0.75,14,T99,6.619047619,3.737323889,9.500771349,0.04481825635,0.02269131861,0.06694519408,0.0004379655864,11.7239102
primary,Y2:P_phys_matched_Y2,1,14,T99,7.071428571,4.184487324,9.958369819,0.07649903489,0.05402573233,0.09897233745,4.048263677e-06,11.99808209
sens1_no_Pm_Tc,Y1:P_H_fixed,0.02,14,T99,1.857142857,-1.854426013,5.568711728,0.004439771746,-0.02038373761,0.0292632811,0.3510961008,11.35052132
sens1_no_Pm_Tc,Y1:P_H_fixed,0.05,14,T99,3.5,-0.3370849127,7.337084913,0.004399416621,-0.01695553015,0.02575436339,0.3299366756,11.3115245
sens1_no_Pm_Tc,Y1:P_H_fixed,0.1,14,T99,3.69047619,-0.6259891016,8.006941483,0.0155717684,-0.007924292973,0.03906782978,0.08638046126,11.08116719
sens1_no_Pm_Tc,Y1:P_H_fixed,0.25,14,T99,4.523809524,-1.406364448,10.4539835,0.02755794854,-0.005284596928,0.06040049402,0.04598440395,11.20955688
sens1_no_Pm_Tc,Y1:P_H_fixed,0.5,14,T99,8.857142857,4.940466194,12.77381952,0.06313240729,0.03547771153,0.09078710305,0.0001679281549,11.77778033
sens1_no_Pm_Tc,Y1:P_H_fixed,0.75,14,T99,8.642857143,4.106074647,13.17963964,0.1155303513,0.08189130806,0.1491693945,5.521321234e-06,11.02308086
sens1_no_Pm_Tc,Y1:P_H_fixed,1,14,T99,2.833333333,-3.50262125,9.169287917,0.1703347351,0.1469154558,0.1937540145,1.153647422e-08,9.698549968
sens1_no_Pm_Tc,Y1:P_phys_fixed,0.02,14,T99,6.69047619,3.909421671,9.47153071,-0.003618741477,-0.01740203137,0.01016454842,0.7144117746,9.912173887
sens1_no_Pm_Tc,Y1:P_phys_fixed,0.05,14,T99,7.523809524,4.846931068,10.20068798,-0.006047006763,-0.02381390979,0.01171989627,0.7702509182,8.709033804
sens1_no_Pm_Tc,Y1:P_phys_fixed,0.1,14,T99,10.42857143,6.130383173,14.72675968,-0.002045123524,-0.01527820675,0.0111879597,0.6291277402,11.78670003
sens1_no_Pm_Tc,Y1:P_phys_fixed,0.25,14,T99,11.47619048,7.070509413,15.88187154,-0.003632193185,-0.02069165068,0.01342726431,0.6759170585,10.88451444
sens1_no_Pm_Tc,Y1:P_phys_fixed,0.5,14,T99,12.0952381,7.867906768,16.32256942,0.009907183212,-0.006476252854,0.02629061928,0.1044692789,10.50610769
sens1_no_Pm_Tc,Y1:P_phys_fixed,0.75,14,T99,12.78571429,8.279103726,17.29232485,0.02267262253,0.005230766368,0.04011447868,0.007574811817,11.89454177
sens1_no_Pm_Tc,Y1:P_phys_fixed,1,14,T99,13.80952381,8.993754643,18.62529298,0.07099904446,0.05548662998,0.08651145895,1.859523198e-07,11.98722973
sens1_no_Pm_Tc,Y2:P_H_fixed,0.02,14,T99,3.523809524,1.006062891,6.041556157,0.01801995491,0.006924376728,0.0291155331,0.002102816469,11.53140268
sens1_no_Pm_Tc,Y2:P_H_fixed,0.05,14,T99,4.714285714,1.679869621,7.748701808,0.01836250962,0.007557551434,0.02916746782,0.002408740762,7.355490771
sens1_no_Pm_Tc,Y2:P_H_fixed,0.1,14,T99,4.714285714,1.679189445,7.749381984,0.02960233967,0.009831564626,0.04937311471,0.003459434287,11.62373159
sens1_no_Pm_Tc,Y2:P_H_fixed,0.25,14,T99,3.69047619,0.2012549776,7.179697403,0.03244204169,0.005478004631,0.05940607875,0.01136214137,10.8310492
sens1_no_Pm_Tc,Y2:P_H_fixed,0.5,14,T99,4.30952381,1.104103059,7.51494456,0.07479033889,0.04970454202,0.09987613576,1.576394857e-05,11.7902593
sens1_no_Pm_Tc,Y2:P_H_fixed,0.75,14,T99,2.738095238,-1.155391928,6.631582404,0.126360246,0.1027281966,0.1499922954,5.493280406e-08,11.3376308
sens1_no_Pm_Tc,Y2:P_H_fixed,1,14,T99,-11.69047619,-20.62674268,-2.754209697,0.1515167961,0.1256018357,0.1774317565,1.590394231e-08,11.69246236
sens1_no_Pm_Tc,Y2:P_H_matched_Y2,0.02,14,T99,4.238095238,1.567166847,6.909023629,0.009523345672,-0.005168967228,0.02421565857,0.09133823411,11.65499449
sens1_no_Pm_Tc,Y2:P_H_matched_Y2,0.05,14,T99,5.785714286,3.105325743,8.466102829,0.009989285019,-0.0084636487,0.02844221874,0.1299640454,11.52837703
sens1_no_Pm_Tc,Y2:P_H_matched_Y2,0.1,14,T99,5.238095238,2.263770448,8.212420028,0.01438822558,-0.005395521929,0.03417197309,0.06845144065,10.4336478
sens1_no_Pm_Tc,Y2:P_H_matched_Y2,0.25,14,T99,4.785714286,0.5812705801,8.990157991,0.02593698107,-0.003428779463,0.05530274159,0.03888680397,10.71302991
sens1_no_Pm_Tc,Y2:P_H_matched_Y2,0.5,14,T99,4.547619048,-0.1820404335,9.277278529,0.06036871596,0.02817688552,0.09256054641,0.0009162508545,10.25796188
sens1_no_Pm_Tc,Y2:P_H_matched_Y2,0.75,14,T99,4.857142857,0.498728017,9.215557697,0.1019365822,0.07437757267,0.1294955916,4.927372537e-06,9.838090211
sens1_no_Pm_Tc,Y2:P_H_matched_Y2,1,14,T99,-3.928571429,-12.99917009,5.142027237,0.1594860056,0.1371946616,0.1817773495,1.959411713e-08,9.355431375
sens1_no_Pm_Tc,Y2:P_phys_fixed,0.02,14,T99,0.2619047619,-3.647210491,4.171020015,0.06377686863,0.03400379723,0.09354994003,0.0002751229224,11.9233012
sens1_no_Pm_Tc,Y2:P_phys_fixed,0.05,14,T99,1.357142857,-2.265727606,4.980013321,0.06268125017,0.03180502658,0.09355747376,0.0004297285565,11.73736134
sens1_no_Pm_Tc,Y2:P_phys_fixed,0.1,14,T99,2.571428571,-1.246592294,6.389449437,0.07624752999,0.04248658977,0.1100084702,0.0002631540724,9.871946682
sens1_no_Pm_Tc,Y2:P_phys_fixed,0.25,14,T99,4.19047619,0.8459079618,7.535044419,0.09061534608,0.06007406143,0.1211566307,1.588563244e-05,11.91292442
sens1_no_Pm_Tc,Y2:P_phys_fixed,0.5,14,T99,7.071428571,4.308900502,9.833956641,0.1245820693,0.09210408694,0.1570600517,2.364245342e-06,10.62230294
sens1_no_Pm_Tc,Y2:P_phys_fixed,0.75,14,T99,5.571428571,2.791620086,8.351237057,0.1281736755,0.095427657,0.1609196939,1.985568493e-06,10.59409281
sens1_no_Pm_Tc,Y2:P_phys_fixed,1,14,T99,-21.28571429,-25.90163982,-16.66978875,0.1281736755,0.095427657,0.1609196939,1.985568493e-06,10.59409281
sens1_no_Pm_Tc,Y2:P_phys_matched_Y2,0.02,14,T99,5.30952381,2.671037748,7.948009871,0.03407387307,0.009817702669,0.05833004347,0.0053978705,9.786820126
sens1_no_Pm_Tc,Y2:P_phys_matched_Y2,0.05,14,T99,7.166666667,4.261160684,10.07217265,0.03798762443,0.01710565251,0.05886959635,0.0009698395886,11.67010336
sens1_no_Pm_Tc,Y2:P_phys_matched_Y2,0.1,14,T99,7.214285714,4.551021709,9.877549719,0.03679784402,0.01390302013,0.05969266791,0.002183356965,11.99910058
sens1_no_Pm_Tc,Y2:P_phys_matched_Y2,0.25,14,T99,8.166666667,5.57561574,10.75771759,0.0267621738,0.008576180589,0.044948167,0.003772866319,11.99392123
sens1_no_Pm_Tc,Y2:P_phys_matched_Y2,0.5,14,T99,9.452380952,6.816716883,12.08804502,0.0220204466,0.002853928285,0.04118696491,0.01394578302,11.4870782
sens1_no_Pm_Tc,Y2:P_phys_matched_Y2,0.75,14,T99,10.07142857,7.283883815,12.85897333,0.04917318379,0.02708846852,0.07125789906,0.0003553304232,8.950269702
sens1_no_Pm_Tc,Y2:P_phys_matched_Y2,1,14,T99,10.85714286,7.951392684,13.76289303,0.08114905421,0.06290436031,0.09939374811,8.145484525e-07,10.08852327
unscreened,Y1:P_H_fixed,0.02,14,T99,0.9761904762,-3.726905738,5.679286691,0.007490676994,-0.009275762696,0.02425711668,0.1704536279,9.500648854
unscreened,Y1:P_H_fixed,0.05,14,T99,0.1904761905,-3.684062723,4.065015104,0.01661594112,0.0006480223804,0.03258385985,0.02134273185,11.64522453
unscreened,Y1:P_H_fixed,0.1,14,T99,4.30952381,0.2931906203,8.325856999,0.01518163245,-0.005256171455,0.03561943636,0.06411544884,9.585338139
unscreened,Y1:P_H_fixed,0.25,14,T99,6.357142857,1.866557571,10.84772814,0.02265376838,-0.004274299245,0.04958183601,0.04357260567,7.107190239
unscreened,Y1:P_H_fixed,0.5,14,T99,7.619047619,3.375006996,11.86308824,0.05692534948,0.03545238852,0.07839831044,6.727640336e-05,10.37224681
unscreened,Y1:P_H_fixed,0.75,14,T99,9.214285714,4.405107671,14.02346376,0.09518019814,0.07024514223,0.1201152541,1.673453377e-06,11.40594774
unscreened,Y1:P_H_fixed,1,14,T99,0.7380952381,-7.279258254,8.75544873,0.1199210605,0.09711144436,0.1427306767,7.503961652e-08,11.15720845
unscreened,Y2:P_H_fixed,0.02,14,T99,-0.9523809524,-2.346290514,0.4415286095,0.01788355297,0.008556165109,0.02721094083,0.0007802658422,10.33643816
unscreened,Y2:P_H_fixed,0.05,14,T99,1.595238095,-0.5040335466,3.694509737,0.007514464448,-0.002764177751,0.01779310665,0.066113832,8.840346409
unscreened,Y2:P_H_fixed,0.1,14,T99,2.595238095,0.9952931512,4.195183039,0.009819680494,-0.004830630043,0.02446999103,0.0794210502,7.457797016
unscreened,Y2:P_H_fixed,0.25,14,T99,4.357142857,1.577721214,7.1365645,0.01414376912,-0.001109711558,0.0293972498,0.03233319375,7.42102586
unscreened,Y2:P_H_fixed,0.5,14,T99,2.976190476,-0.5669456318,6.519326584,0.03945424231,0.02026630028,0.05864218434,0.0008442438719,7.342349008
unscreened,Y2:P_H_fixed,0.75,14,T99,2.69047619,-1.055190274,6.436142655,0.07686546936,0.05751284201,0.09621809671,6.915249915e-06,8.251447037
unscreened,Y2:P_H_fixed,1,14,T99,-12.85714286,-18.91564578,-6.798639933,0.1025291859,0.08620972836,0.1188486434,3.351233885e-07,7.733391287
unscreened,Y2:P_H_matched_Y2,0.02,14,T99,0.880952381,-2.121812775,3.883717537,0.006633062123,-0.007134350034,0.02040047428,0.1533693635,9.610168116
unscreened,Y2:P_H_matched_Y2,0.05,14,T99,2.19047619,-0.06539146794,4.446343849,0.01236679846,-0.0003618458765,0.0250954428,0.02791302225,11.7697006
unscreened,Y2:P_H_matched_Y2,0.1,14,T99,2.595238095,0.3334962939,4.856979897,0.009190070386,-0.01269306147,0.03107320224,0.1825480466,8.65520975
unscreened,Y2:P_H_matched_Y2,0.25,14,T99,3.380952381,-0.3984441355,7.160348897,0.0149377136,-0.009419010622,0.03929443783,0.1025358747,11.40609049
unscreened,Y2:P_H_matched_Y2,0.5,14,T99,4.619047619,0.8592859351,8.378809303,0.04196227418,0.01678739405,0.06713715432,0.001721506624,11.98672805
unscreened,Y2:P_H_matched_Y2,0.75,14,T99,4.571428571,-0.3519532526,9.494810395,0.07074657299,0.045447839,0.09604530698,2.83195574e-05,11.8211008
unscreened,Y2:P_H_matched_Y2,1,14,T99,-4,-12.18687481,4.186874805,0.1095992781,0.09506633382,0.1241322224,6.826672038e-10,11.99961984
