universe,cell,beta,pctl_lo,pctl_hi,available,found,recall
primary,Y1:P_H_fixed,0,0,0.5,351,49,0.1396011396
primary,Y1:P_H_fixed,0,0.5,0.8,1032,195,0.1889534884
primary,Y1:P_H_fixed,0,0.8,0.9,1953,270,0.1382488479
primary,Y1:P_H_fixed,0,0.9,0.95,1739,262,0.1506612996
primary,Y1:P_H_fixed,0,0.95,1,2391,341,0.1426181514
primary,Y1:P_H_fixed,0.02,0,0.5,351,22,0.06267806268
primary,Y1:P_H_fixed,0.02,0.5,0.8,1032,183,0.1773255814
primary,Y1:P_H_fixed,0.02,0.8,0.9,1953,261,0.133640553
primary,Y1:P_H_fixed,0.02,0.9,0.95,1739,353,0.2029902243
primary,Y1:P_H_fixed,0.02,0.95,1,2391,441,0.1844416562
primary,Y1:P_H_fixed,0.05,0,0.5,351,22,0.06267806268
primary,Y1:P_H_fixed,0.05,0.5,0.8,1032,164,0.1589147287
primary,Y1:P_H_fixed,0.05,0.8,0.9,1953,275,0.1408090118
primary,Y1:P_H_fixed,0.05,0.9,0.95,1739,380,0.2185163887
primary,Y1:P_H_fixed,0.05,0.95,1,2391,513,0.2145545797
primary,Y1:P_H_fixed,0.1,0,0.5,351,16,0.04558404558
primary,Y1:P_H_fixed,0.1,0.5,0.8,1032,185,0.1792635659
primary,Y1:P_H_fixed,0.1,0.8,0.9,1953,275,0.1408090118
primary,Y1:P_H_fixed,0.1,0.9,0.95,1739,414,0.2380678551
primary,Y1:P_H_fixed,0.1,0.95,1,2391,587,0.2455039732
primary,Y1:P_H_fixed,0.25,0,0.5,351,1,0.002849002849
primary,Y1:P_H_fixed,0.25,0.5,0.8,1032,108,0.1046511628
primary,Y1:P_H_fixed,0.25,0.8,0.9,1953,284,0.1454173067
primary,Y1:P_H_fixed,0.25,0.9,0.95,1739,442,0.2541690627
primary,Y1:P_H_fixed,0.25,0.95,1,2391,699,0.2923462986
primary,Y1:P_H_fixed,0.5,0,0.5,351,0,0
primary,Y1:P_H_fixed,0.5,0.5,0.8,1032,23,0.02228682171
primary,Y1:P_H_fixed,0.5,0.8,0.9,1953,247,0.1264720942
primary,Y1:P_H_fixed,0.5,0.9,0.95,1739,473,0.2719953997
primary,Y1:P_H_fixed,0.5,0.95,1,2391,772,0.3228774571
primary,Y1:P_H_fixed,0.75,0,0.5,351,0,0
primary,Y1:P_H_fixed,0.75,0.5,0.8,1032,0,0
primary,Y1:P_H_fixed,0.75,0.8,0.9,1953,93,0.04761904762
primary,Y1:P_H_fixed,0.75,0.9,0.95,1739,462,0.2656699252
primary,Y1:P_H_fixed,0.75,0.95,1,2391,885,0.3701380176
primary,Y1:P_H_fixed,1,0,0.5,351,0,0
primary,Y1:P_H_fixed,1,0.5,0.8,1032,0,0
primary,Y1:P_H_fixed,1,0.8,0.9,1953,0,0
primary,Y1:P_H_fixed,1,0.9,0.95,1739,0,0
primary,Y1:P_H_fixed,1,0.95,1,2391,814,0.3404433292
primary,Y1:P_phys_fixed,0,0,0.5,9,0,0
primary,Y1:P_phys_fixed,0,0.5,0.8,425,35,0.08235294118
primary,Y1:P_phys_fixed,0,0.8,0.9,919,66,0.0718171926
primary,Y1:P_phys_fixed,0,0.9,0.95,1711,113,0.06604324956
primary,Y1:P_phys_fixed,0,0.95,1,4402,903,0.20513403
primary,Y1:P_phys_fixed,0.02,0,0.5,9,0,0
primary,Y1:P_phys_fixed,0.02,0.5,0.8,425,36,0.08470588235
primary,Y1:P_phys_fixed,0.02,0.8,0.9,919,75,0.08161044614
primary,Y1:P_phys_fixed,0.02,0.9,0.95,1711,149,0.08708357686
primary,Y1:P_phys_fixed,0.02,0.95,1,4402,1048,0.2380736029
primary,Y1:P_phys_fixed,0.05,0,0.5,9,0,0
primary,Y1:P_phys_fixed,0.05,0.5,0.8,425,36,0.08470588235
primary,Y1:P_phys_fixed,0.05,0.8,0.9,919,70,0.07616974973
primary,Y1:P_phys_fixed,0.05,0.9,0.95,1711,125,0.07305669199
primary,Y1:P_phys_fixed,0.05,0.95,1,4402,1218,0.2766924125
primary,Y1:P_phys_fixed,0.1,0,0.5,9,0,0
primary,Y1:P_phys_fixed,0.1,0.5,0.8,425,37,0.08705882353
primary,Y1:P_phys_fixed,0.1,0.8,0.9,919,65,0.07072905332
primary,Y1:P_phys_fixed,0.1,0.9,0.95,1711,114,0.0666277031
primary,Y1:P_phys_fixed,0.1,0.95,1,4402,1345,0.305542935
primary,Y1:P_phys_fixed,0.25,0,0.5,9,0,0
primary,Y1:P_phys_fixed,0.25,0.5,0.8,425,30,0.07058823529
primary,Y1:P_phys_fixed,0.25,0.8,0.9,919,65,0.07072905332
primary,Y1:P_phys_fixed,0.25,0.9,0.95,1711,112,0.06545879603
primary,Y1:P_phys_fixed,0.25,0.95,1,4402,1483,0.3368923217
primary,Y1:P_phys_fixed,0.5,0,0.5,9,0,0
primary,Y1:P_phys_fixed,0.5,0.5,0.8,425,1,0.002352941176
primary,Y1:P_phys_fixed,0.5,0.8,0.9,919,53,0.05767138194
primary,Y1:P_phys_fixed,0.5,0.9,0.95,1711,107,0.06253652835
primary,Y1:P_phys_fixed,0.5,0.95,1,4402,1646,0.373920945
primary,Y1:P_phys_fixed,0.75,0,0.5,9,0,0
primary,Y1:P_phys_fixed,0.75,0.5,0.8,425,0,0
primary,Y1:P_phys_fixed,0.75,0.8,0.9,919,11,0.0119695321
primary,Y1:P_phys_fixed,0.75,0.9,0.95,1711,91,0.05318527177
primary,Y1:P_phys_fixed,0.75,0.95,1,4402,1797,0.4082235348
primary,Y1:P_phys_fixed,1,0,0.5,9,0,0
primary,Y1:P_phys_fixed,1,0.5,0.8,425,0,0
primary,Y1:P_phys_fixed,1,0.8,0.9,919,0,0
primary,Y1:P_phys_fixed,1,0.9,0.95,1711,0,0
primary,Y1:P_phys_fixed,1,0.95,1,4402,2077,0.4718309859
primary,Y2:P_H_fixed,0,0,0.5,853,188,0.2203985932
primary,Y2:P_H_fixed,0,0.5,0.8,2283,315,0.1379763469
primary,Y2:P_H_fixed,0,0.8,0.9,1695,230,0.1356932153
primary,Y2:P_H_fixed,0,0.9,0.95,1405,212,0.1508896797
primary,Y2:P_H_fixed,0,0.95,1,1235,141,0.1141700405
primary,Y2:P_H_fixed,0.02,0,0.5,853,121,0.141852286
primary,Y2:P_H_fixed,0.02,0.5,0.8,2283,297,0.1300919842
primary,Y2:P_H_fixed,0.02,0.8,0.9,1695,260,0.1533923304
primary,Y2:P_H_fixed,0.02,0.9,0.95,1405,291,0.2071174377
primary,Y2:P_H_fixed,0.02,0.95,1,1235,214,0.1732793522
primary,Y2:P_H_fixed,0.05,0,0.5,853,113,0.1324736225
primary,Y2:P_H_fixed,0.05,0.5,0.8,2283,296,0.1296539641
primary,Y2:P_H_fixed,0.05,0.8,0.9,1695,258,0.1522123894
primary,Y2:P_H_fixed,0.05,0.9,0.95,1405,314,0.2234875445
primary,Y2:P_H_fixed,0.05,0.95,1,1235,248,0.2008097166
primary,Y2:P_H_fixed,0.1,0,0.5,853,96,0.1125439625
primary,Y2:P_H_fixed,0.1,0.5,0.8,2283,294,0.1287779238
primary,Y2:P_H_fixed,0.1,0.8,0.9,1695,276,0.1628318584
primary,Y2:P_H_fixed,0.1,0.9,0.95,1405,339,0.2412811388
primary,Y2:P_H_fixed,0.1,0.95,1,1235,351,0.2842105263
primary,Y2:P_H_fixed,0.25,0,0.5,853,32,0.03751465416
primary,Y2:P_H_fixed,0.25,0.5,0.8,2283,284,0.1243977223
primary,Y2:P_H_fixed,0.25,0.8,0.9,1695,290,0.1710914454
primary,Y2:P_H_fixed,0.25,0.9,0.95,1405,372,0.2647686833
primary,Y2:P_H_fixed,0.25,0.95,1,1235,438,0.3546558704
primary,Y2:P_H_fixed,0.5,0,0.5,853,0,0
primary,Y2:P_H_fixed,0.5,0.5,0.8,2283,210,0.09198423127
primary,Y2:P_H_fixed,0.5,0.8,0.9,1695,262,0.1545722714
primary,Y2:P_H_fixed,0.5,0.9,0.95,1405,392,0.2790035587
primary,Y2:P_H_fixed,0.5,0.95,1,1235,522,0.4226720648
primary,Y2:P_H_fixed,0.75,0,0.5,853,0,0
primary,Y2:P_H_fixed,0.75,0.5,0.8,2283,25,0.01095050372
primary,Y2:P_H_fixed,0.75,0.8,0.9,1695,230,0.1356932153
primary,Y2:P_H_fixed,0.75,0.9,0.95,1405,431,0.3067615658
primary,Y2:P_H_fixed,0.75,0.95,1,1235,617,0.4995951417
primary,Y2:P_H_fixed,1,0,0.5,853,0,0
primary,Y2:P_H_fixed,1,0.5,0.8,2283,0,0
primary,Y2:P_H_fixed,1,0.8,0.9,1695,0,0
primary,Y2:P_H_fixed,1,0.9,0.95,1405,0,0
primary,Y2:P_H_fixed,1,0.95,1,1235,402,0.3255060729
primary,Y2:P_H_matched_Y2,0,0,0.5,325,95,0.2923076923
primary,Y2:P_H_matched_Y2,0,0.5,0.8,1233,230,0.1865369019
primary,Y2:P_H_matched_Y2,0,0.8,0.9,1499,185,0.1234156104
primary,Y2:P_H_matched_Y2,0,0.9,0.95,1759,248,0.1409891984
primary,Y2:P_H_matched_Y2,0,0.95,1,2655,328,0.1235404896
primary,Y2:P_H_matched_Y2,0.02,0,0.5,325,63,0.1938461538
primary,Y2:P_H_matched_Y2,0.02,0.5,0.8,1233,228,0.1849148418
primary,Y2:P_H_matched_Y2,0.02,0.8,0.9,1499,181,0.1207471648
primary,Y2:P_H_matched_Y2,0.02,0.9,0.95,1759,282,0.1603183627
primary,Y2:P_H_matched_Y2,0.02,0.95,1,2655,435,0.1638418079
primary,Y2:P_H_matched_Y2,0.05,0,0.5,325,43,0.1323076923
primary,Y2:P_H_matched_Y2,0.05,0.5,0.8,1233,223,0.1808596918
primary,Y2:P_H_matched_Y2,0.05,0.8,0.9,1499,182,0.1214142762
primary,Y2:P_H_matched_Y2,0.05,0.9,0.95,1759,299,0.1699829449
primary,Y2:P_H_matched_Y2,0.05,0.95,1,2655,537,0.202259887
primary,Y2:P_H_matched_Y2,0.1,0,0.5,325,37,0.1138461538
primary,Y2:P_H_matched_Y2,0.1,0.5,0.8,1233,208,0.1686942417
primary,Y2:P_H_matched_Y2,0.1,0.8,0.9,1499,168,0.1120747165
primary,Y2:P_H_matched_Y2,0.1,0.9,0.95,1759,316,0.179647527
primary,Y2:P_H_matched_Y2,0.1,0.95,1,2655,645,0.2429378531
primary,Y2:P_H_matched_Y2,0.25,0,0.5,325,6,0.01846153846
primary,Y2:P_H_matched_Y2,0.25,0.5,0.8,1233,173,0.1403081914
primary,Y2:P_H_matched_Y2,0.25,0.8,0.9,1499,163,0.1087391594
primary,Y2:P_H_matched_Y2,0.25,0.9,0.95,1759,329,0.1870380898
primary,Y2:P_H_matched_Y2,0.25,0.95,1,2655,788,0.2967984934
primary,Y2:P_H_matched_Y2,0.5,0,0.5,325,0,0
primary,Y2:P_H_matched_Y2,0.5,0.5,0.8,1233,79,0.06407137064
primary,Y2:P_H_matched_Y2,0.5,0.8,0.9,1499,171,0.1140760507
primary,Y2:P_H_matched_Y2,0.5,0.9,0.95,1759,360,0.2046617396
primary,Y2:P_H_matched_Y2,0.5,0.95,1,2655,935,0.352165725
primary,Y2:P_H_matched_Y2,0.75,0,0.5,325,0,0
primary,Y2:P_H_matched_Y2,0.75,0.5,0.8,1233,1,0.0008110300081
primary,Y2:P_H_matched_Y2,0.75,0.8,0.9,1499,101,0.06737825217
primary,Y2:P_H_matched_Y2,0.75,0.9,0.95,1759,347,0.1972711768
primary,Y2:P_H_matched_Y2,0.75,0.95,1,2655,1074,0.404519774
primary,Y2:P_H_matched_Y2,1,0,0.5,325,0,0
primary,Y2:P_H_matched_Y2,1,0.5,0.8,1233,0,0
primary,Y2:P_H_matched_Y2,1,0.8,0.9,1499,0,0
primary,Y2:P_H_matched_Y2,1,0.9,0.95,1759,0,0
primary,Y2:P_H_matched_Y2,1,0.95,1,2655,899,0.338606403
primary,Y2:P_phys_fixed,0,0,0.5,1549,180,0.1162040026
primary,Y2:P_phys_fixed,0,0.5,0.8,2739,356,0.1299744432
primary,Y2:P_phys_fixed,0,0.8,0.9,883,54,0.06115515289
primary,Y2:P_phys_fixed,0,0.9,0.95,795,82,0.1031446541
primary,Y2:P_phys_fixed,0,0.95,1,1505,414,0.2750830565
primary,Y2:P_phys_fixed,0.02,0,0.5,1549,70,0.04519044545
primary,Y2:P_phys_fixed,0.02,0.5,0.8,2739,230,0.08397225265
primary,Y2:P_phys_fixed,0.02,0.8,0.9,883,87,0.09852774632
primary,Y2:P_phys_fixed,0.02,0.9,0.95,795,142,0.1786163522
primary,Y2:P_phys_fixed,0.02,0.95,1,1505,553,0.3674418605
primary,Y2:P_phys_fixed,0.05,0,0.5,1549,46,0.02969657844
primary,Y2:P_phys_fixed,0.05,0.5,0.8,2739,197,0.07192405988
primary,Y2:P_phys_fixed,0.05,0.8,0.9,883,69,0.07814269536
primary,Y2:P_phys_fixed,0.05,0.9,0.95,795,136,0.1710691824
primary,Y2:P_phys_fixed,0.05,0.95,1,1505,598,0.3973421927
primary,Y2:P_phys_fixed,0.1,0,0.5,1549,25,0.0161394448
primary,Y2:P_phys_fixed,0.1,0.5,0.8,2739,188,0.06863818912
primary,Y2:P_phys_fixed,0.1,0.8,0.9,883,69,0.07814269536
primary,Y2:P_phys_fixed,0.1,0.9,0.95,795,128,0.1610062893
primary,Y2:P_phys_fixed,0.1,0.95,1,1505,651,0.4325581395
primary,Y2:P_phys_fixed,0.25,0,0.5,1549,0,0
primary,Y2:P_phys_fixed,0.25,0.5,0.8,2739,163,0.05951077035
primary,Y2:P_phys_fixed,0.25,0.8,0.9,883,60,0.06795016988
primary,Y2:P_phys_fixed,0.25,0.9,0.95,795,125,0.1572327044
primary,Y2:P_phys_fixed,0.25,0.95,1,1505,696,0.4624584718
primary,Y2:P_phys_fixed,0.5,0,0.5,1549,0,0
primary,Y2:P_phys_fixed,0.5,0.5,0.8,2739,25,0.009127418766
primary,Y2:P_phys_fixed,0.5,0.8,0.9,883,63,0.07134767837
primary,Y2:P_phys_fixed,0.5,0.9,0.95,795,171,0.2150943396
primary,Y2:P_phys_fixed,0.5,0.95,1,1505,732,0.4863787375
primary,Y2:P_phys_fixed,0.75,0,0.5,1549,0,0
primary,Y2:P_phys_fixed,0.75,0.5,0.8,2739,0,0
primary,Y2:P_phys_fixed,0.75,0.8,0.9,883,58,0.06568516421
primary,Y2:P_phys_fixed,0.75,0.9,0.95,795,206,0.2591194969
primary,Y2:P_phys_fixed,0.75,0.95,1,1505,800,0.5315614618
primary,Y2:P_phys_fixed,1,0,0.5,1549,0,0
primary,Y2:P_phys_fixed,1,0.5,0.8,2739,0,0
primary,Y2:P_phys_fixed,1,0.8,0.9,883,0,0
primary,Y2:P_phys_fixed,1,0.9,0.95,795,0,0
primary,Y2:P_phys_fixed,1,0.95,1,1505,412,0.2737541528
primary,Y2:P_phys_matched_Y2,0,0,0.5,0,0,
primary,Y2:P_phys_matched_Y2,0,0.5,0.8,616,27,0.04383116883
primary,Y2:P_phys_matched_Y2,0,0.8,0.9,1749,128,0.07318467696
primary,Y2:P_phys_matched_Y2,0,0.9,0.95,2068,227,0.1097678917
primary,Y2:P_phys_matched_Y2,0,0.95,1,3038,704,0.2317314022
primary,Y2:P_phys_matched_Y2,0.02,0,0.5,0,0,
primary,Y2:P_phys_matched_Y2,0.02,0.5,0.8,616,10,0.01623376623
primary,Y2:P_phys_matched_Y2,0.02,0.8,0.9,1749,93,0.05317324185
primary,Y2:P_phys_matched_Y2,0.02,0.9,0.95,2068,189,0.0913926499
primary,Y2:P_phys_matched_Y2,0.02,0.95,1,3038,875,0.2880184332
primary,Y2:P_phys_matched_Y2,0.05,0,0.5,0,0,
primary,Y2:P_phys_matched_Y2,0.05,0.5,0.8,616,8,0.01298701299
primary,Y2:P_phys_matched_Y2,0.05,0.8,0.9,1749,85,0.04859919954
primary,Y2:P_phys_matched_Y2,0.05,0.9,0.95,2068,163,0.07882011605
primary,Y2:P_phys_matched_Y2,0.05,0.95,1,3038,958,0.3153390388
primary,Y2:P_phys_matched_Y2,0.1,0,0.5,0,0,
primary,Y2:P_phys_matched_Y2,0.1,0.5,0.8,616,8,0.01298701299
primary,Y2:P_phys_matched_Y2,0.1,0.8,0.9,1749,90,0.05145797599
primary,Y2:P_phys_matched_Y2,0.1,0.9,0.95,2068,141,0.06818181818
primary,Y2:P_phys_matched_Y2,0.1,0.95,1,3038,998,0.3285055958
primary,Y2:P_phys_matched_Y2,0.25,0,0.5,0,0,
primary,Y2:P_phys_matched_Y2,0.25,0.5,0.8,616,3,0.00487012987
primary,Y2:P_phys_matched_Y2,0.25,0.8,0.9,1749,152,0.08690680389
primary,Y2:P_phys_matched_Y2,0.25,0.9,0.95,2068,133,0.06431334623
primary,Y2:P_phys_matched_Y2,0.25,0.95,1,3038,1029,0.3387096774
primary,Y2:P_phys_matched_Y2,0.5,0,0.5,0,0,
primary,Y2:P_phys_matched_Y2,0.5,0.5,0.8,616,0,0
primary,Y2:P_phys_matched_Y2,0.5,0.8,0.9,1749,143,0.08176100629
primary,Y2:P_phys_matched_Y2,0.5,0.9,0.95,2068,173,0.083655706
primary,Y2:P_phys_matched_Y2,0.5,0.95,1,3038,1068,0.3515470704
primary,Y2:P_phys_matched_Y2,0.75,0,0.5,0,0,
primary,Y2:P_phys_matched_Y2,0.75,0.5,0.8,616,0,0
primary,Y2:P_phys_matched_Y2,0.75,0.8,0.9,1749,32,0.01829616924
primary,Y2:P_phys_matched_Y2,0.75,0.9,0.95,2068,204,0.09864603482
primary,Y2:P_phys_matched_Y2,0.75,0.95,1,3038,1167,0.3841342989
primary,Y2:P_phys_matched_Y2,1,0,0.5,0,0,
primary,Y2:P_phys_matched_Y2,1,0.5,0.8,616,0,0
primary,Y2:P_phys_matched_Y2,1,0.8,0.9,1749,0,0
primary,Y2:P_phys_matched_Y2,1,0.9,0.95,2068,0,0
primary,Y2:P_phys_matched_Y2,1,0.95,1,3038,1775,0.5842659645
sens1_no_Pm_Tc,Y1:P_H_fixed,0,0,0.5,346,63,0.1820809249
sens1_no_Pm_Tc,Y1:P_H_fixed,0,0.5,0.8,1018,257,0.2524557957
sens1_no_Pm_Tc,Y1:P_H_fixed,0,0.8,0.9,1725,243,0.1408695652
sens1_no_Pm_Tc,Y1:P_H_fixed,0,0.9,0.95,1684,269,0.1597387173
sens1_no_Pm_Tc,Y1:P_H_fixed,0,0.95,1,2343,325,0.1387110542
sens1_no_Pm_Tc,Y1:P_H_fixed,0.02,0,0.5,346,38,0.1098265896
sens1_no_Pm_Tc,Y1:P_H_fixed,0.02,0.5,0.8,1018,212,0.2082514735
sens1_no_Pm_Tc,Y1:P_H_fixed,0.02,0.8,0.9,1725,273,0.1582608696
sens1_no_Pm_Tc,Y1:P_H_fixed,0.02,0.9,0.95,1684,330,0.1959619952
sens1_no_Pm_Tc,Y1:P_H_fixed,0.02,0.95,1,2343,448,0.1912078532
sens1_no_Pm_Tc,Y1:P_H_fixed,0.05,0,0.5,346,23,0.06647398844
sens1_no_Pm_Tc,Y1:P_H_fixed,0.05,0.5,0.8,1018,214,0.21021611
sens1_no_Pm_Tc,Y1:P_H_fixed,0.05,0.8,0.9,1725,275,0.1594202899
sens1_no_Pm_Tc,Y1:P_H_fixed,0.05,0.9,0.95,1684,342,0.203087886
sens1_no_Pm_Tc,Y1:P_H_fixed,0.05,0.95,1,2343,497,0.2121212121
sens1_no_Pm_Tc,Y1:P_H_fixed,0.1,0,0.5,346,11,0.03179190751
sens1_no_Pm_Tc,Y1:P_H_fixed,0.1,0.5,0.8,1018,184,0.1807465619
sens1_no_Pm_Tc,Y1:P_H_fixed,0.1,0.8,0.9,1725,257,0.1489855072
sens1_no_Pm_Tc,Y1:P_H_fixed,0.1,0.9,0.95,1684,399,0.236935867
sens1_no_Pm_Tc,Y1:P_H_fixed,0.1,0.95,1,2343,573,0.2445582586
sens1_no_Pm_Tc,Y1:P_H_fixed,0.25,0,0.5,346,1,0.00289017341
sens1_no_Pm_Tc,Y1:P_H_fixed,0.25,0.5,0.8,1018,118,0.115913556
sens1_no_Pm_Tc,Y1:P_H_fixed,0.25,0.8,0.9,1725,261,0.1513043478
sens1_no_Pm_Tc,Y1:P_H_fixed,0.25,0.9,0.95,1684,432,0.2565320665
sens1_no_Pm_Tc,Y1:P_H_fixed,0.25,0.95,1,2343,681,0.290653009
sens1_no_Pm_Tc,Y1:P_H_fixed,0.5,0,0.5,346,0,0
sens1_no_Pm_Tc,Y1:P_H_fixed,0.5,0.5,0.8,1018,23,0.02259332024
sens1_no_Pm_Tc,Y1:P_H_fixed,0.5,0.8,0.9,1725,241,0.1397101449
sens1_no_Pm_Tc,Y1:P_H_fixed,0.5,0.9,0.95,1684,438,0.2600950119
sens1_no_Pm_Tc,Y1:P_H_fixed,0.5,0.95,1,2343,796,0.339735382
sens1_no_Pm_Tc,Y1:P_H_fixed,0.75,0,0.5,346,0,0
sens1_no_Pm_Tc,Y1:P_H_fixed,0.75,0.5,0.8,1018,0,0
sens1_no_Pm_Tc,Y1:P_H_fixed,0.75,0.8,0.9,1725,89,0.0515942029
sens1_no_Pm_Tc,Y1:P_H_fixed,0.75,0.9,0.95,1684,428,0.2541567696
sens1_no_Pm_Tc,Y1:P_H_fixed,0.75,0.95,1,2343,869,0.3708920188
sens1_no_Pm_Tc,Y1:P_H_fixed,1,0,0.5,346,0,0
sens1_no_Pm_Tc,Y1:P_H_fixed,1,0.5,0.8,1018,0,0
sens1_no_Pm_Tc,Y1:P_H_fixed,1,0.8,0.9,1725,0,0
sens1_no_Pm_Tc,Y1:P_H_fixed,1,0.9,0.95,1684,0,0
sens1_no_Pm_Tc,Y1:P_H_fixed,1,0.95,1,2343,817,0.3486982501
sens1_no_Pm_Tc,Y1:P_phys_fixed,0,0,0.5,3,0,0
sens1_no_Pm_Tc,Y1:P_phys_fixed,0,0.5,0.8,406,16,0.039408867
sens1_no_Pm_Tc,Y1:P_phys_fixed,0,0.8,0.9,988,89,0.09008097166
sens1_no_Pm_Tc,Y1:P_phys_fixed,0,0.9,0.95,1639,123,0.07504575961
sens1_no_Pm_Tc,Y1:P_phys_fixed,0,0.95,1,4080,929,0.2276960784
sens1_no_Pm_Tc,Y1:P_phys_fixed,0.02,0,0.5,3,0,0
sens1_no_Pm_Tc,Y1:P_phys_fixed,0.02,0.5,0.8,406,12,0.02955665025
sens1_no_Pm_Tc,Y1:P_phys_fixed,0.02,0.8,0.9,988,96,0.0971659919
sens1_no_Pm_Tc,Y1:P_phys_fixed,0.02,0.9,0.95,1639,127,0.07748627212
sens1_no_Pm_Tc,Y1:P_phys_fixed,0.02,0.95,1,4080,1181,0.2894607843
sens1_no_Pm_Tc,Y1:P_phys_fixed,0.05,0,0.5,3,0,0
sens1_no_Pm_Tc,Y1:P_phys_fixed,0.05,0.5,0.8,406,9,0.02216748768
sens1_no_Pm_Tc,Y1:P_phys_fixed,0.05,0.8,0.9,988,96,0.0971659919
sens1_no_Pm_Tc,Y1:P_phys_fixed,0.05,0.9,0.95,1639,131,0.07992678462
sens1_no_Pm_Tc,Y1:P_phys_fixed,0.05,0.95,1,4080,1226,0.3004901961
sens1_no_Pm_Tc,Y1:P_phys_fixed,0.1,0,0.5,3,0,0
sens1_no_Pm_Tc,Y1:P_phys_fixed,0.1,0.5,0.8,406,7,0.01724137931
sens1_no_Pm_Tc,Y1:P_phys_fixed,0.1,0.8,0.9,988,106,0.1072874494
sens1_no_Pm_Tc,Y1:P_phys_fixed,0.1,0.9,0.95,1639,118,0.07199511897
sens1_no_Pm_Tc,Y1:P_phys_fixed,0.1,0.95,1,4080,1311,0.3213235294
sens1_no_Pm_Tc,Y1:P_phys_fixed,0.25,0,0.5,3,0,0
sens1_no_Pm_Tc,Y1:P_phys_fixed,0.25,0.5,0.8,406,4,0.009852216749
sens1_no_Pm_Tc,Y1:P_phys_fixed,0.25,0.8,0.9,988,105,0.1062753036
sens1_no_Pm_Tc,Y1:P_phys_fixed,0.25,0.9,0.95,1639,116,0.07077486272
sens1_no_Pm_Tc,Y1:P_phys_fixed,0.25,0.95,1,4080,1428,0.35
sens1_no_Pm_Tc,Y1:P_phys_fixed,0.5,0,0.5,3,0,0
sens1_no_Pm_Tc,Y1:P_phys_fixed,0.5,0.5,0.8,406,1,0.002463054187
sens1_no_Pm_Tc,Y1:P_phys_fixed,0.5,0.8,0.9,988,64,0.06477732794
sens1_no_Pm_Tc,Y1:P_phys_fixed,0.5,0.9,0.95,1639,120,0.07321537523
sens1_no_Pm_Tc,Y1:P_phys_fixed,0.5,0.95,1,4080,1584,0.3882352941
sens1_no_Pm_Tc,Y1:P_phys_fixed,0.75,0,0.5,3,0,0
sens1_no_Pm_Tc,Y1:P_phys_fixed,0.75,0.5,0.8,406,0,0
sens1_no_Pm_Tc,Y1:P_phys_fixed,0.75,0.8,0.9,988,25,0.02530364372
sens1_no_Pm_Tc,Y1:P_phys_fixed,0.75,0.9,0.95,1639,112,0.06833435021
sens1_no_Pm_Tc,Y1:P_phys_fixed,0.75,0.95,1,4080,1740,0.4264705882
sens1_no_Pm_Tc,Y1:P_phys_fixed,1,0,0.5,3,0,0
sens1_no_Pm_Tc,Y1:P_phys_fixed,1,0.5,0.8,406,0,0
sens1_no_Pm_Tc,Y1:P_phys_fixed,1,0.8,0.9,988,0,0
sens1_no_Pm_Tc,Y1:P_phys_fixed,1,0.9,0.95,1639,0,0
sens1_no_Pm_Tc,Y1:P_phys_fixed,1,0.95,1,4080,2085,0.5110294118
sens1_no_Pm_Tc,Y2:P_H_fixed,0,0,0.5,825,176,0.2133333333
sens1_no_Pm_Tc,Y2:P_H_fixed,0,0.5,0.8,2049,307,0.149829185
sens1_no_Pm_Tc,Y2:P_H_fixed,0,0.8,0.9,1522,225,0.1478318003
sens1_no_Pm_Tc,Y2:P_H_fixed,0,0.9,0.95,1395,208,0.1491039427
sens1_no_Pm_Tc,Y2:P_H_fixed,0,0.95,1,1326,186,0.1402714932
sens1_no_Pm_Tc,Y2:P_H_fixed,0.02,0,0.5,825,124,0.1503030303
sens1_no_Pm_Tc,Y2:P_H_fixed,0.02,0.5,0.8,2049,283,0.1381161542
sens1_no_Pm_Tc,Y2:P_H_fixed,0.02,0.8,0.9,1522,269,0.1767411301
sens1_no_Pm_Tc,Y2:P_H_fixed,0.02,0.9,0.95,1395,278,0.1992831541
sens1_no_Pm_Tc,Y2:P_H_fixed,0.02,0.95,1,1326,296,0.2232277526
sens1_no_Pm_Tc,Y2:P_H_fixed,0.05,0,0.5,825,111,0.1345454545
sens1_no_Pm_Tc,Y2:P_H_fixed,0.05,0.5,0.8,2049,285,0.1390922401
sens1_no_Pm_Tc,Y2:P_H_fixed,0.05,0.8,0.9,1522,257,0.1688567674
sens1_no_Pm_Tc,Y2:P_H_fixed,0.05,0.9,0.95,1395,318,0.2279569892
sens1_no_Pm_Tc,Y2:P_H_fixed,0.05,0.95,1,1326,337,0.254147813
sens1_no_Pm_Tc,Y2:P_H_fixed,0.1,0,0.5,825,88,0.1066666667
sens1_no_Pm_Tc,Y2:P_H_fixed,0.1,0.5,0.8,2049,281,0.1371400683
sens1_no_Pm_Tc,Y2:P_H_fixed,0.1,0.8,0.9,1522,265,0.1741130092
sens1_no_Pm_Tc,Y2:P_H_fixed,0.1,0.9,0.95,1395,326,0.2336917563
sens1_no_Pm_Tc,Y2:P_H_fixed,0.1,0.95,1,1326,404,0.3046757164
sens1_no_Pm_Tc,Y2:P_H_fixed,0.25,0,0.5,825,34,0.04121212121
sens1_no_Pm_Tc,Y2:P_H_fixed,0.25,0.5,0.8,2049,305,0.1488530991
sens1_no_Pm_Tc,Y2:P_H_fixed,0.25,0.8,0.9,1522,267,0.1754270696
sens1_no_Pm_Tc,Y2:P_H_fixed,0.25,0.9,0.95,1395,361,0.258781362
sens1_no_Pm_Tc,Y2:P_H_fixed,0.25,0.95,1,1326,461,0.3476621418
sens1_no_Pm_Tc,Y2:P_H_fixed,0.5,0,0.5,825,0,0
sens1_no_Pm_Tc,Y2:P_H_fixed,0.5,0.5,0.8,2049,182,0.0888238165
sens1_no_Pm_Tc,Y2:P_H_fixed,0.5,0.8,0.9,1522,256,0.1681997372
sens1_no_Pm_Tc,Y2:P_H_fixed,0.5,0.9,0.95,1395,375,0.2688172043
sens1_no_Pm_Tc,Y2:P_H_fixed,0.5,0.95,1,1326,570,0.4298642534
sens1_no_Pm_Tc,Y2:P_H_fixed,0.75,0,0.5,825,0,0
sens1_no_Pm_Tc,Y2:P_H_fixed,0.75,0.5,0.8,2049,8,0.003904343582
sens1_no_Pm_Tc,Y2:P_H_fixed,0.75,0.8,0.9,1522,219,0.1438896189
sens1_no_Pm_Tc,Y2:P_H_fixed,0.75,0.9,0.95,1395,396,0.2838709677
sens1_no_Pm_Tc,Y2:P_H_fixed,0.75,0.95,1,1326,643,0.4849170437
sens1_no_Pm_Tc,Y2:P_H_fixed,1,0,0.5,825,0,0
sens1_no_Pm_Tc,Y2:P_H_fixed,1,0.5,0.8,2049,0,0
sens1_no_Pm_Tc,Y2:P_H_fixed,1,0.8,0.9,1522,0,0
sens1_no_Pm_Tc,Y2:P_H_fixed,1,0.9,0.95,1395,0,0
sens1_no_Pm_Tc,Y2:P_H_fixed,1,0.95,1,1326,422,0.3182503771
sens1_no_Pm_Tc,Y2:P_H_matched_Y2,0,0,0.5,332,82,0.2469879518
sens1_no_Pm_Tc,Y2:P_H_matched_Y2,0,0.5,0.8,1161,256,0.2204995693
sens1_no_Pm_Tc,Y2:P_H_matched_Y2,0,0.8,0.9,1411,196,0.1389085755
sens1_no_Pm_Tc,Y2:P_H_matched_Y2,0,0.9,0.95,1626,221,0.1359163592
sens1_no_Pm_Tc,Y2:P_H_matched_Y2,0,0.95,1,2587,347,0.1341321995
sens1_no_Pm_Tc,Y2:P_H_matched_Y2,0.02,0,0.5,332,58,0.1746987952
sens1_no_Pm_Tc,Y2:P_H_matched_Y2,0.02,0.5,0.8,1161,230,0.1981050818
sens1_no_Pm_Tc,Y2:P_H_matched_Y2,0.02,0.8,0.9,1411,212,0.150248051
sens1_no_Pm_Tc,Y2:P_H_matched_Y2,0.02,0.9,0.95,1626,294,0.1808118081
sens1_no_Pm_Tc,Y2:P_H_matched_Y2,0.02,0.95,1,2587,474,0.1832238114
sens1_no_Pm_Tc,Y2:P_H_matched_Y2,0.05,0,0.5,332,48,0.1445783133
sens1_no_Pm_Tc,Y2:P_H_matched_Y2,0.05,0.5,0.8,1161,231,0.1989664083
sens1_no_Pm_Tc,Y2:P_H_matched_Y2,0.05,0.8,0.9,1411,206,0.1459957477
sens1_no_Pm_Tc,Y2:P_H_matched_Y2,0.05,0.9,0.95,1626,311,0.1912669127
sens1_no_Pm_Tc,Y2:P_H_matched_Y2,0.05,0.95,1,2587,546,0.2110552764
sens1_no_Pm_Tc,Y2:P_H_matched_Y2,0.1,0,0.5,332,35,0.1054216867
sens1_no_Pm_Tc,Y2:P_H_matched_Y2,0.1,0.5,0.8,1161,208,0.1791559001
sens1_no_Pm_Tc,Y2:P_H_matched_Y2,0.1,0.8,0.9,1411,211,0.1495393338
sens1_no_Pm_Tc,Y2:P_H_matched_Y2,0.1,0.9,0.95,1626,314,0.1931119311
sens1_no_Pm_Tc,Y2:P_H_matched_Y2,0.1,0.95,1,2587,666,0.2574410514
sens1_no_Pm_Tc,Y2:P_H_matched_Y2,0.25,0,0.5,332,8,0.02409638554
sens1_no_Pm_Tc,Y2:P_H_matched_Y2,0.25,0.5,0.8,1161,187,0.1610680448
sens1_no_Pm_Tc,Y2:P_H_matched_Y2,0.25,0.8,0.9,1411,208,0.1474131821
sens1_no_Pm_Tc,Y2:P_H_matched_Y2,0.25,0.9,0.95,1626,322,0.1980319803
sens1_no_Pm_Tc,Y2:P_H_matched_Y2,0.25,0.95,1,2587,750,0.2899110939
sens1_no_Pm_Tc,Y2:P_H_matched_Y2,0.5,0,0.5,332,0,0
sens1_no_Pm_Tc,Y2:P_H_matched_Y2,0.5,0.5,0.8,1161,71,0.06115417743
sens1_no_Pm_Tc,Y2:P_H_matched_Y2,0.5,0.8,0.9,1411,174,0.1233167966
sens1_no_Pm_Tc,Y2:P_H_matched_Y2,0.5,0.9,0.95,1626,336,0.2066420664
sens1_no_Pm_Tc,Y2:P_H_matched_Y2,0.5,0.95,1,2587,903,0.3490529571
sens1_no_Pm_Tc,Y2:P_H_matched_Y2,0.75,0,0.5,332,0,0
sens1_no_Pm_Tc,Y2:P_H_matched_Y2,0.75,0.5,0.8,1161,1,0.0008613264427
sens1_no_Pm_Tc,Y2:P_H_matched_Y2,0.75,0.8,0.9,1411,112,0.07937632884
sens1_no_Pm_Tc,Y2:P_H_matched_Y2,0.75,0.9,0.95,1626,320,0.196801968
sens1_no_Pm_Tc,Y2:P_H_matched_Y2,0.75,0.95,1,2587,1050,0.4058755315
sens1_no_Pm_Tc,Y2:P_H_matched_Y2,1,0,0.5,332,0,0
sens1_no_Pm_Tc,Y2:P_H_matched_Y2,1,0.5,0.8,1161,0,0
sens1_no_Pm_Tc,Y2:P_H_matched_Y2,1,0.8,0.9,1411,0,0
sens1_no_Pm_Tc,Y2:P_H_matched_Y2,1,0.9,0.95,1626,0,0
sens1_no_Pm_Tc,Y2:P_H_matched_Y2,1,0.95,1,2587,942,0.364128334
sens1_no_Pm_Tc,Y2:P_phys_fixed,0,0,0.5,1525,144,0.09442622951
sens1_no_Pm_Tc,Y2:P_phys_fixed,0,0.5,0.8,2691,366,0.1360089186
sens1_no_Pm_Tc,Y2:P_phys_fixed,0,0.8,0.9,844,66,0.07819905213
sens1_no_Pm_Tc,Y2:P_phys_fixed,0,0.9,0.95,746,85,0.1139410188
sens1_no_Pm_Tc,Y2:P_phys_fixed,0,0.95,1,1311,441,0.3363844394
sens1_no_Pm_Tc,Y2:P_phys_fixed,0.02,0,0.5,1525,56,0.03672131148
sens1_no_Pm_Tc,Y2:P_phys_fixed,0.02,0.5,0.8,2691,227,0.08435525827
sens1_no_Pm_Tc,Y2:P_phys_fixed,0.02,0.8,0.9,844,90,0.1066350711
sens1_no_Pm_Tc,Y2:P_phys_fixed,0.02,0.9,0.95,746,127,0.1702412869
sens1_no_Pm_Tc,Y2:P_phys_fixed,0.02,0.95,1,1311,572,0.4363081617
sens1_no_Pm_Tc,Y2:P_phys_fixed,0.05,0,0.5,1525,43,0.02819672131
sens1_no_Pm_Tc,Y2:P_phys_fixed,0.05,0.5,0.8,2691,228,0.08472686734
sens1_no_Pm_Tc,Y2:P_phys_fixed,0.05,0.8,0.9,844,75,0.08886255924
sens1_no_Pm_Tc,Y2:P_phys_fixed,0.05,0.9,0.95,746,130,0.1742627346
sens1_no_Pm_Tc,Y2:P_phys_fixed,0.05,0.95,1,1311,576,0.4393592677
sens1_no_Pm_Tc,Y2:P_phys_fixed,0.1,0,0.5,1525,30,0.01967213115
sens1_no_Pm_Tc,Y2:P_phys_fixed,0.1,0.5,0.8,2691,212,0.07878112226
sens1_no_Pm_Tc,Y2:P_phys_fixed,0.1,0.8,0.9,844,75,0.08886255924
sens1_no_Pm_Tc,Y2:P_phys_fixed,0.1,0.9,0.95,746,120,0.1608579088
sens1_no_Pm_Tc,Y2:P_phys_fixed,0.1,0.95,1,1311,631,0.4813119756
sens1_no_Pm_Tc,Y2:P_phys_fixed,0.25,0,0.5,1525,1,0.0006557377049
sens1_no_Pm_Tc,Y2:P_phys_fixed,0.25,0.5,0.8,2691,171,0.0635451505
sens1_no_Pm_Tc,Y2:P_phys_fixed,0.25,0.8,0.9,844,52,0.06161137441
sens1_no_Pm_Tc,Y2:P_phys_fixed,0.25,0.9,0.95,746,136,0.18230563
sens1_no_Pm_Tc,Y2:P_phys_fixed,0.25,0.95,1,1311,654,0.4988558352
sens1_no_Pm_Tc,Y2:P_phys_fixed,0.5,0,0.5,1525,0,0
sens1_no_Pm_Tc,Y2:P_phys_fixed,0.5,0.5,0.8,2691,24,0.008918617614
sens1_no_Pm_Tc,Y2:P_phys_fixed,0.5,0.8,0.9,844,48,0.05687203791
sens1_no_Pm_Tc,Y2:P_phys_fixed,0.5,0.9,0.95,746,168,0.2252010724
sens1_no_Pm_Tc,Y2:P_phys_fixed,0.5,0.95,1,1311,718,0.5476735317
sens1_no_Pm_Tc,Y2:P_phys_fixed,0.75,0,0.5,1525,0,0
sens1_no_Pm_Tc,Y2:P_phys_fixed,0.75,0.5,0.8,2691,0,0
sens1_no_Pm_Tc,Y2:P_phys_fixed,0.75,0.8,0.9,844,33,0.03909952607
sens1_no_Pm_Tc,Y2:P_phys_fixed,0.75,0.9,0.95,746,200,0.2680965147
sens1_no_Pm_Tc,Y2:P_phys_fixed,0.75,0.95,1,1311,758,0.5781845919
sens1_no_Pm_Tc,Y2:P_phys_fixed,1,0,0.5,1525,0,0
sens1_no_Pm_Tc,Y2:P_phys_fixed,1,0.5,0.8,2691,0,0
sens1_no_Pm_Tc,Y2:P_phys_fixed,1,0.8,0.9,844,0,0
sens1_no_Pm_Tc,Y2:P_phys_fixed,1,0.9,0.95,746,0,0
sens1_no_Pm_Tc,Y2:P_phys_fixed,1,0.95,1,1311,387,0.295194508
sens1_no_Pm_Tc,Y2:P_phys_matched_Y2,0,0,0.5,0,0,
sens1_no_Pm_Tc,Y2:P_phys_matched_Y2,0,0.5,0.8,581,24,0.0413080895
sens1_no_Pm_Tc,Y2:P_phys_matched_Y2,0,0.8,0.9,1710,129,0.07543859649
sens1_no_Pm_Tc,Y2:P_phys_matched_Y2,0,0.9,0.95,1913,216,0.1129116571
sens1_no_Pm_Tc,Y2:P_phys_matched_Y2,0,0.95,1,2913,733,0.2516306214
sens1_no_Pm_Tc,Y2:P_phys_matched_Y2,0.02,0,0.5,0,0,
sens1_no_Pm_Tc,Y2:P_phys_matched_Y2,0.02,0.5,0.8,581,9,0.01549053356
sens1_no_Pm_Tc,Y2:P_phys_matched_Y2,0.02,0.8,0.9,1710,99,0.05789473684
sens1_no_Pm_Tc,Y2:P_phys_matched_Y2,0.02,0.9,0.95,1913,158,0.0825927862
sens1_no_Pm_Tc,Y2:P_phys_matched_Y2,0.02,0.95,1,2913,922,0.3165121867
sens1_no_Pm_Tc,Y2:P_phys_matched_Y2,0.05,0,0.5,0,0,
sens1_no_Pm_Tc,Y2:P_phys_matched_Y2,0.05,0.5,0.8,581,7,0.01204819277
sens1_no_Pm_Tc,Y2:P_phys_matched_Y2,0.05,0.8,0.9,1710,97,0.0567251462
sens1_no_Pm_Tc,Y2:P_phys_matched_Y2,0.05,0.9,0.95,1913,134,0.07004704652
sens1_no_Pm_Tc,Y2:P_phys_matched_Y2,0.05,0.95,1,2913,962,0.330243735
sens1_no_Pm_Tc,Y2:P_phys_matched_Y2,0.1,0,0.5,0,0,
sens1_no_Pm_Tc,Y2:P_phys_matched_Y2,0.1,0.5,0.8,581,6,0.01032702238
sens1_no_Pm_Tc,Y2:P_phys_matched_Y2,0.1,0.8,0.9,1710,100,0.05847953216
sens1_no_Pm_Tc,Y2:P_phys_matched_Y2,0.1,0.9,0.95,1913,127,0.06638787245
sens1_no_Pm_Tc,Y2:P_phys_matched_Y2,0.1,0.95,1,2913,994,0.3412289736
sens1_no_Pm_Tc,Y2:P_phys_matched_Y2,0.25,0,0.5,0,0,
sens1_no_Pm_Tc,Y2:P_phys_matched_Y2,0.25,0.5,0.8,581,4,0.006884681583
sens1_no_Pm_Tc,Y2:P_phys_matched_Y2,0.25,0.8,0.9,1710,137,0.08011695906
sens1_no_Pm_Tc,Y2:P_phys_matched_Y2,0.25,0.9,0.95,1913,142,0.07422895975
sens1_no_Pm_Tc,Y2:P_phys_matched_Y2,0.25,0.95,1,2913,1045,0.3587366976
sens1_no_Pm_Tc,Y2:P_phys_matched_Y2,0.5,0,0.5,0,0,
sens1_no_Pm_Tc,Y2:P_phys_matched_Y2,0.5,0.5,0.8,581,0,0
sens1_no_Pm_Tc,Y2:P_phys_matched_Y2,0.5,0.8,0.9,1710,141,0.08245614035
sens1_no_Pm_Tc,Y2:P_phys_matched_Y2,0.5,0.9,0.95,1913,165,0.08625196027
sens1_no_Pm_Tc,Y2:P_phys_matched_Y2,0.5,0.95,1,2913,1070,0.3673189152
sens1_no_Pm_Tc,Y2:P_phys_matched_Y2,0.75,0,0.5,0,0,
sens1_no_Pm_Tc,Y2:P_phys_matched_Y2,0.75,0.5,0.8,581,0,0
sens1_no_Pm_Tc,Y2:P_phys_matched_Y2,0.75,0.8,0.9,1710,45,0.02631578947
sens1_no_Pm_Tc,Y2:P_phys_matched_Y2,0.75,0.9,0.95,1913,182,0.09513852588
sens1_no_Pm_Tc,Y2:P_phys_matched_Y2,0.75,0.95,1,2913,1169,0.4013044971
sens1_no_Pm_Tc,Y2:P_phys_matched_Y2,1,0,0.5,0,0,
sens1_no_Pm_Tc,Y2:P_phys_matched_Y2,1,0.5,0.8,581,0,0
sens1_no_Pm_Tc,Y2:P_phys_matched_Y2,1,0.8,0.9,1710,0,0
sens1_no_Pm_Tc,Y2:P_phys_matched_Y2,1,0.9,0.95,1913,0,0
sens1_no_Pm_Tc,Y2:P_phys_matched_Y2,1,0.95,1,2913,1710,0.5870236869
unscreened,Y1:P_H_fixed,0,0,0.5,279,42,0.1505376344
unscreened,Y1:P_H_fixed,0,0.5,0.8,1329,211,0.1587659895
unscreened,Y1:P_H_fixed,0,0.8,0.9,2444,289,0.1182487725
unscreened,Y1:P_H_fixed,0,0.9,0.95,2424,275,0.1134488449
unscreened,Y1:P_H_fixed,0,0.95,1,3394,355,0.1045963465
unscreened,Y1:P_H_fixed,0.02,0,0.5,279,19,0.06810035842
unscreened,Y1:P_H_fixed,0.02,0.5,0.8,1329,181,0.136192626
unscreened,Y1:P_H_fixed,0.02,0.8,0.9,2444,294,0.120294599
unscreened,Y1:P_H_fixed,0.02,0.9,0.95,2424,342,0.1410891089
unscreened,Y1:P_H_fixed,0.02,0.95,1,3394,499,0.1470241603
unscreened,Y1:P_H_fixed,0.05,0,0.5,279,8,0.02867383513
unscreened,Y1:P_H_fixed,0.05,0.5,0.8,1329,150,0.1128668172
unscreened,Y1:P_H_fixed,0.05,0.8,0.9,2444,257,0.1051554828
unscreened,Y1:P_H_fixed,0.05,0.9,0.95,2424,355,0.1464521452
unscreened,Y1:P_H_fixed,0.05,0.95,1,3394,554,0.163229228
unscreened,Y1:P_H_fixed,0.1,0,0.5,279,6,0.02150537634
unscreened,Y1:P_H_fixed,0.1,0.5,0.8,1329,132,0.0993227991
unscreened,Y1:P_H_fixed,0.1,0.8,0.9,2444,284,0.116202946
unscreened,Y1:P_H_fixed,0.1,0.9,0.95,2424,389,0.1604785479
unscreened,Y1:P_H_fixed,0.1,0.95,1,3394,681,0.2006482027
unscreened,Y1:P_H_fixed,0.25,0,0.5,279,0,0
unscreened,Y1:P_H_fixed,0.25,0.5,0.8,1329,76,0.05718585403
unscreened,Y1:P_H_fixed,0.25,0.8,0.9,2444,274,0.112111293
unscreened,Y1:P_H_fixed,0.25,0.9,0.95,2424,397,0.1637788779
unscreened,Y1:P_H_fixed,0.25,0.95,1,3394,809,0.238361815
unscreened,Y1:P_H_fixed,0.5,0,0.5,279,0,0
unscreened,Y1:P_H_fixed,0.5,0.5,0.8,1329,6,0.004514672686
unscreened,Y1:P_H_fixed,0.5,0.8,0.9,2444,174,0.07119476268
unscreened,Y1:P_H_fixed,0.5,0.9,0.95,2424,380,0.1567656766
unscreened,Y1:P_H_fixed,0.5,0.95,1,3394,966,0.2846199175
unscreened,Y1:P_H_fixed,0.75,0,0.5,279,0,0
unscreened,Y1:P_H_fixed,0.75,0.5,0.8,1329,0,0
unscreened,Y1:P_H_fixed,0.75,0.8,0.9,2444,36,0.0147299509
unscreened,Y1:P_H_fixed,0.75,0.9,0.95,2424,334,0.1377887789
unscreened,Y1:P_H_fixed,0.75,0.95,1,3394,1087,0.3202710666
unscreened,Y1:P_H_fixed,1,0,0.5,279,0,0
unscreened,Y1:P_H_fixed,1,0.5,0.8,1329,0,0
unscreened,Y1:P_H_fixed,1,0.8,0.9,2444,0,0
unscreened,Y1:P_H_fixed,1,0.9,0.95,2424,0,0
unscreened,Y1:P_H_fixed,1,0.95,1,3394,926,0.2728344137
unscreened,Y2:P_H_fixed,0,0,0.5,814,100,0.1228501229
unscreened,Y2:P_H_fixed,0,0.5,0.8,2700,295,0.1092592593
unscreened,Y2:P_H_fixed,0,0.8,0.9,2394,273,0.1140350877
unscreened,Y2:P_H_fixed,0,0.9,0.95,2134,269,0.126054358
unscreened,Y2:P_H_fixed,0,0.95,1,1825,173,0.09479452055
unscreened,Y2:P_H_fixed,0.02,0,0.5,814,59,0.07248157248
unscreened,Y2:P_H_fixed,0.02,0.5,0.8,2700,229,0.08481481481
unscreened,Y2:P_H_fixed,0.02,0.8,0.9,2394,264,0.1102756892
unscreened,Y2:P_H_fixed,0.02,0.9,0.95,2134,386,0.1808809747
unscreened,Y2:P_H_fixed,0.02,0.95,1,1825,306,0.1676712329
unscreened,Y2:P_H_fixed,0.05,0,0.5,814,73,0.08968058968
unscreened,Y2:P_H_fixed,0.05,0.5,0.8,2700,267,0.09888888889
unscreened,Y2:P_H_fixed,0.05,0.8,0.9,2394,275,0.1148705096
unscreened,Y2:P_H_fixed,0.05,0.9,0.95,2134,336,0.1574507966
unscreened,Y2:P_H_fixed,0.05,0.95,1,1825,315,0.1726027397
unscreened,Y2:P_H_fixed,0.1,0,0.5,814,58,0.07125307125
unscreened,Y2:P_H_fixed,0.1,0.5,0.8,2700,268,0.09925925926
unscreened,Y2:P_H_fixed,0.1,0.8,0.9,2394,267,0.1115288221
unscreened,Y2:P_H_fixed,0.1,0.9,0.95,2134,377,0.1766635426
unscreened,Y2:P_H_fixed,0.1,0.95,1,1825,368,0.2016438356
unscreened,Y2:P_H_fixed,0.25,0,0.5,814,9,0.01105651106
unscreened,Y2:P_H_fixed,0.25,0.5,0.8,2700,274,0.1014814815
unscreened,Y2:P_H_fixed,0.25,0.8,0.9,2394,299,0.1248955723
unscreened,Y2:P_H_fixed,0.25,0.9,0.95,2134,386,0.1808809747
unscreened,Y2:P_H_fixed,0.25,0.95,1,1825,491,0.2690410959
unscreened,Y2:P_H_fixed,0.5,0,0.5,814,0,0
unscreened,Y2:P_H_fixed,0.5,0.5,0.8,2700,180,0.06666666667
unscreened,Y2:P_H_fixed,0.5,0.8,0.9,2394,294,0.1228070175
unscreened,Y2:P_H_fixed,0.5,0.9,0.95,2134,401,0.1879100281
unscreened,Y2:P_H_fixed,0.5,0.95,1,1825,585,0.3205479452
unscreened,Y2:P_H_fixed,0.75,0,0.5,814,0,0
unscreened,Y2:P_H_fixed,0.75,0.5,0.8,2700,8,0.002962962963
unscreened,Y2:P_H_fixed,0.75,0.8,0.9,2394,240,0.1002506266
unscreened,Y2:P_H_fixed,0.75,0.9,0.95,2134,438,0.2052483599
unscreened,Y2:P_H_fixed,0.75,0.95,1,1825,684,0.3747945205
unscreened,Y2:P_H_fixed,1,0,0.5,814,0,0
unscreened,Y2:P_H_fixed,1,0.5,0.8,2700,0,0
unscreened,Y2:P_H_fixed,1,0.8,0.9,2394,0,0
unscreened,Y2:P_H_fixed,1,0.9,0.95,2134,0,0
unscreened,Y2:P_H_fixed,1,0.95,1,1825,514,0.2816438356
unscreened,Y2:P_H_matched_Y2,0,0,0.5,252,47,0.1865079365
unscreened,Y2:P_H_matched_Y2,0,0.5,0.8,1679,249,0.148302561
unscreened,Y2:P_H_matched_Y2,0,0.8,0.9,2267,233,0.1027790031
unscreened,Y2:P_H_matched_Y2,0,0.9,0.95,2410,231,0.09585062241
unscreened,Y2:P_H_matched_Y2,0,0.95,1,3259,350,0.1073949064
unscreened,Y2:P_H_matched_Y2,0.02,0,0.5,252,34,0.1349206349
unscreened,Y2:P_H_matched_Y2,0.02,0.5,0.8,1679,223,0.1328171531
unscreened,Y2:P_H_matched_Y2,0.02,0.8,0.9,2267,228,0.1005734451
unscreened,Y2:P_H_matched_Y2,0.02,0.9,0.95,2410,309,0.1282157676
unscreened,Y2:P_H_matched_Y2,0.02,0.95,1,3259,485,0.148818656
unscreened,Y2:P_H_matched_Y2,0.05,0,0.5,252,26,0.1031746032
unscreened,Y2:P_H_matched_Y2,0.05,0.5,0.8,1679,212,0.1262656343
unscreened,Y2:P_H_matched_Y2,0.05,0.8,0.9,2267,216,0.09528010587
unscreened,Y2:P_H_matched_Y2,0.05,0.9,0.95,2410,302,0.1253112033
unscreened,Y2:P_H_matched_Y2,0.05,0.95,1,3259,570,0.1749002762
unscreened,Y2:P_H_matched_Y2,0.1,0,0.5,252,25,0.09920634921
unscreened,Y2:P_H_matched_Y2,0.1,0.5,0.8,1679,231,0.137581894
unscreened,Y2:P_H_matched_Y2,0.1,0.8,0.9,2267,215,0.09483899427
unscreened,Y2:P_H_matched_Y2,0.1,0.9,0.95,2410,291,0.120746888
unscreened,Y2:P_H_matched_Y2,0.1,0.95,1,3259,703,0.2157103406
unscreened,Y2:P_H_matched_Y2,0.25,0,0.5,252,1,0.003968253968
unscreened,Y2:P_H_matched_Y2,0.25,0.5,0.8,1679,192,0.114353782
unscreened,Y2:P_H_matched_Y2,0.25,0.8,0.9,2267,232,0.1023378915
unscreened,Y2:P_H_matched_Y2,0.25,0.9,0.95,2410,332,0.1377593361
unscreened,Y2:P_H_matched_Y2,0.25,0.95,1,3259,824,0.252838294
unscreened,Y2:P_H_matched_Y2,0.5,0,0.5,252,0,0
unscreened,Y2:P_H_matched_Y2,0.5,0.5,0.8,1679,71,0.04228707564
unscreened,Y2:P_H_matched_Y2,0.5,0.8,0.9,2267,205,0.09042787825
unscreened,Y2:P_H_matched_Y2,0.5,0.9,0.95,2410,357,0.1481327801
unscreened,Y2:P_H_matched_Y2,0.5,0.95,1,3259,952,0.2921141454
unscreened,Y2:P_H_matched_Y2,0.75,0,0.5,252,0,0
unscreened,Y2:P_H_matched_Y2,0.75,0.5,0.8,1679,0,0
unscreened,Y2:P_H_matched_Y2,0.75,0.8,0.9,2267,100,0.04411116012
unscreened,Y2:P_H_matched_Y2,0.75,0.9,0.95,2410,346,0.1435684647
unscreened,Y2:P_H_matched_Y2,0.75,0.95,1,3259,1064,0.3264805155
unscreened,Y2:P_H_matched_Y2,1,0,0.5,252,0,0
unscreened,Y2:P_H_matched_Y2,1,0.5,0.8,1679,0,0
unscreened,Y2:P_H_matched_Y2,1,0.8,0.9,2267,0,0
unscreened,Y2:P_H_matched_Y2,1,0.9,0.95,2410,0,0
unscreened,Y2:P_H_matched_Y2,1,0.95,1,3259,843,0.2586683032
