element,table,printed_page,pdf_page,density_g_cm3,G_GPa,E_GPa,nu_printed,v_t_m_s,status,ok_density,ok_G,ok_E,ok_nu,ok_v_t,correction_if_any,checked_by,date
Cs,2.1-7B(b),61,71,1.87,0.65,1.69,0.3,590.0,passes,,,,,,,,
K,2.1-7B(b),61,71,0.862,1.28,3.52,0.35,1230.0,passes,,,,,,,,
Li,2.1-7B(b),61,71,0.532,4.24,11.5,0.36,2820.0,passes,,,,,,,,
Na,2.1-7B(b),61,71,0.970,2.94,6.8,0.34,1620.0,passes,,,,,,,,
Rb,2.1-7B(b),61,71,1.532,0.91,2.35,0.29,770.0,passes,,,,,,,,
Ag,2.1-8B(b),66,76,10.50,29.5,80.0,0.38,1690.0,passes,,,,,,,,
Au,2.1-8B(b),66,76,19.30,26.0,78.0,0.42,1190.0,passes,,,,,,,,
Cu,2.1-8B(b),66,76,8.960,46.8,128.0,0.34,2300.0,passes,,,,,,,,
Ba,2.1-9B(b),70,80,3.50,4.84,12.8,0.28,1160.0,passes,,,,,,,,
Be,2.1-9B(b),70,80,1.85,133,286.0,0.12,8330.0,passes,,,,,,,,
Ca,2.1-9B(b),70,80,1.55,7.85 a,19.6,0.31,2210.0,passes,,,,,,,,
Mg,2.1-9B(b),70,80,1.74,16.9,44.4,0.28,3170.0,passes,,,,,,,,
Sr,2.1-9B(b),70,80,2.60,6.03,15.7,0.28,1520.0,passes,,,,,,,,
Cd,2.1-10B(b),74,84,8.65,24.5,62.3,0.3,1690.0,passes,,,,,,,,
Hg,2.1-10B(b),74,84,,,25.0,,,unavailable,,,,,,,,
Zn,2.1-10B(b),74,84,7.14,34.3,92.7,0.29,2290.0,passes,,,,,,,,
Al,2.1-11B(b),80,90,2.70,27.8,70.2,0.34,3130.0,passes,,,,,,,,
Ga,2.1-11B(b),80,90,5.91,6.67,9.81,0.47,750.0,fails_both_checks,,,,,,,,
In,2.1-11B(b),80,90,7.31,3.68,10.6,0.45,710.0,passes,,,,,,,,
Tl,2.1-11B(b),80,90,11.85,2.67,7.89,0.45,480.0,passes,,,,,,,,
Ac,2.1-12B(b),85,95,10.07,,25.0,,,unavailable,,,,,,,,
La,2.1-12B(b),85,95,6.70,14.9,39.2,0.28,1540.0,passes,,,,,,,,
Sc,2.1-12B(b),85,95,2.989,29.7,75.2,0.28,,passes,,,,,,,,
Y,2.1-12B(b),85,95,4.50,25.5,66.3,0.27,2420.0,passes,,,,,,,,
Ge,2.1-13B(b),90,100,5.32,29.6,79.9,0.34,2420.0,passes,,,,,,,,
Pb,2.1-13B(b),90,100,11.4,5.54,15.8,0.44,710.0,passes,,,,,,,,
Sn,2.1-13B(b),90,100,7.30,19.9,52.9,0.33,1650.0,passes,,,,,,,,
Hf,2.1-14B(b),95,105,13.10,53.0,138.0,0.29,2000.0,passes,,,,,,,,
Ti,2.1-14B(b),95,105,4.50,37.3,102.0,0.35,2920.0,passes,,,,,,,,
Zr,2.1-14B(b),95,105,6.49,24.8,68.0,0.37,1950.0,passes,,,,,,,,
As,2.1-15B(b),100,110,5.72,,22.0,,,unavailable,,,,,,,,
Bi,2.1-15B(b),100,110,9.80,12.8,34.0,0.33,1140.0,passes,,,,,,,,
Sb,2.1-15B(b),100,110,6.68,20.6,54.4,0.25,1800.0,passes,,,,,,,,
Nb,2.1-16B(b),106,116,8.35,59.5,104.0,0.38,2100.0,fails_both_checks,,,,,,,,
Ta,2.1-16B(b),106,116,16.60,64.7,185.0,0.35,2900.0,passes,,,,,,,,
V,2.1-16B(b),106,116,5.80,46.6,127.0,0.36,2780.0,passes,,,,,,,,
Te,2.1-17B(b),110,120,6.24,16.7,47.1,0.23,,fails_only_computable_check,,,,,,,,
Cr,2.1-18B(b),115,125,7.19,71.6,145.0,0.31,3980.0,fails_both_checks,,,,,,,,
Mo,2.1-18B(b),115,125,10.220,123,330.0,0.31,3350.0,passes,,,,,,,,
W,2.1-18B(b),115,125,19.30,152,407.0,0.28,2870.0,passes,,,,,,,,
Mn,2.1-20B(b),125,135,7.470,79.4,196.0,0.24,3280.0,passes,,,,,,,,
Re,2.1-20B(b),125,135,21.00,180,520.0,0.26,2930.0,passes,,,,,,,,
Tc,2.1-20B(b),125,135,11.50,162,407.0,0.26,50.6,passes,,,,,,,,
Fe,2.1-22B(b),132,142,7.86,80.4,211.0,0.29,3220.0,passes,,,,,,,,
Os,2.1-22B(b),132,142,22.4,223,559.0,0.25,3340.0,passes,,,,,,,,
Ru,2.1-22B(b),132,142,12.20,173,432.0,0.25,3740.0,passes,,,,,,,,
Co,2.1-23B(b),136,146,8.90,77.3,204.0,0.32,3000.0,passes,,,,,,,,
Ir,2.1-23B(b),136,146,22.50,209,528.0,0.26,3050.0,passes,,,,,,,,
Rh,2.1-23B(b),136,146,12.40,149,379.0,0.27,3470.0,passes,,,,,,,,
Ni,2.1-24B(b),140,150,8.90,78.5,220.0,0.31,3080.0,passes,,,,,,,,
Pd,2.1-24B(b),140,150,12.00,43.5,121.0,0.39,1900.0,passes,,,,,,,,
Pt,2.1-24B(b),140,150,21.40,60.9,170.0,0.39,1690.0,passes,,,,,,,,
Ce,2.1-25B(b),144,154,6.78,12.1,44.1,0.25,1230.0,fails_both_checks,,,,,,,,
Eu,2.1-25B(b),144,154,5.26,7.8,18.2,0.17,,passes,,,,,,,,
Gd,2.1-25B(b),144,154,7.89,22.4,56.3,0.26,1680.0,passes,,,,,,,,
Nd,2.1-25B(b),144,154,7.00,14.3,37.9,0.31,1440.0,passes,,,,,,,,
Pm,2.1-25B(b),144,154,6.48,18,46.0,0.28,,passes,,,,,,,,
Pr,2.1-25B(b),144,154,6.77,13.2,35.2,0.31,1410.0,passes,,,,,,,,
Sm,2.1-25B(b),144,154,7.54,12.7,53.9,0.35,1290.0,passes,,,,,,,,
Dy,2.1-25B(b),145,155,8.54,25.5,63.1,0.24,1720.0,passes,,,,,,,,
Er,2.1-25B(b),145,155,9.05,29.6,73.3,0.24,1810.0,passes,,,,,,,,
Ho,2.1-25B(b),145,155,8.80,26.7,67.1,0.26,1740.0,passes,,,,,,,,
Lu,2.1-25B(b),145,155,9.840,27.1,68.4,0.27,,passes,,,,,,,,
Tb,2.1-25B(b),145,155,8.27,22.8,57.5,0.26,1060.0,passes,,,,,,,,
Tm,2.1-25B(b),145,155,9.33,30.4,74.0,0.27,,passes,,,,,,,,
Yb,2.1-25B(b),145,155,6.98,7.16,18.4,0.28,1000.0,passes,,,,,,,,
Np,2.1-26B(b),153,163,20.40,,68.0,,,unavailable,,,,,,,,
Pa,2.1-26B(b),153,163,15.40,,76.0,,,unavailable,,,,,,,,
Pu,2.1-26B(b),153,163,19.80,45,92.7,0.18,,fails_only_computable_check,,,,,,,,
Th,2.1-26B(b),153,163,11.70,30.8,78.3,0.26,1630.0,passes,,,,,,,,
U,2.1-26B(b),153,163,18.90,70.6,177.0,0.25,1940.0,passes,,,,,,,,
