universe,cell,beta,gain_registered,lower95_registered,gain_init_as_time0,lower95_init_as_time0,beneficial_registered,beneficial_init_as_time0
primary,Y1:P_H_fixed,0.0200,0.2333,-2.2568,0.1667,-2.3206,False,False
primary,Y1:P_H_fixed,0.0500,2.6500,0.3477,2.6500,0.3409,True,True
primary,Y1:P_H_fixed,0.1000,5.6167,3.4423,5.6333,3.4574,True,True
primary,Y1:P_H_fixed,0.2500,7.4833,5.4309,7.4667,5.4175,True,True
primary,Y1:P_H_fixed,0.5000,8.5667,6.0895,8.5667,6.0999,True,True
primary,Y1:P_H_fixed,0.7500,9.5500,6.9695,9.6167,7.0621,True,True
primary,Y1:P_H_fixed,1.0000,1.8000,-3.4101,3.8500,-0.6504,False,False
primary,Y1:P_phys_fixed,0.0200,3.7833,1.2534,3.7667,1.2339,True,True
primary,Y1:P_phys_fixed,0.0500,7.8500,5.4613,7.8000,5.4013,True,True
primary,Y1:P_phys_fixed,0.1000,10.4167,7.4645,10.3167,7.3307,True,True
primary,Y1:P_phys_fixed,0.2500,13.8833,10.6353,13.7833,10.4876,True,True
primary,Y1:P_phys_fixed,0.5000,14.6833,11.5004,14.5833,11.3505,True,True
primary,Y1:P_phys_fixed,0.7500,15.2667,12.0757,15.1667,11.9269,True,True
primary,Y1:P_phys_fixed,1.0000,16.5167,13.0868,16.4167,12.9378,True,True
primary,Y2:P_H_fixed,0.0200,1.0000,-0.5256,1.0000,-0.5256,False,False
primary,Y2:P_H_fixed,0.0500,1.5167,-0.9061,1.5500,-0.8619,False,False
primary,Y2:P_H_fixed,0.1000,2.2333,-0.7555,2.3000,-0.6572,False,False
primary,Y2:P_H_fixed,0.2500,2.5167,-0.0414,2.5833,0.0428,False,True
primary,Y2:P_H_fixed,0.5000,3.4833,0.6729,3.6500,0.9144,True,True
primary,Y2:P_H_fixed,0.7500,3.6333,0.7920,3.8000,0.9946,True,True
primary,Y2:P_H_fixed,1.0000,-12.3667,-17.4862,-11.0333,-15.8250,False,False
primary,Y2:P_H_matched_Y2,0.0200,2.3833,0.2851,2.3833,0.2851,True,True
primary,Y2:P_H_matched_Y2,0.0500,2.0833,-0.1132,2.1167,-0.0640,False,False
primary,Y2:P_H_matched_Y2,0.1000,2.1833,-0.6077,2.2000,-0.5845,False,False
primary,Y2:P_H_matched_Y2,0.2500,1.7000,-1.1920,1.8167,-0.9922,False,False
primary,Y2:P_H_matched_Y2,0.5000,3.3000,0.5953,3.5000,0.9325,True,True
primary,Y2:P_H_matched_Y2,0.7500,3.6667,0.8780,3.9000,1.2277,True,True
primary,Y2:P_H_matched_Y2,1.0000,-4.3333,-9.9929,-3.0000,-7.8646,False,False
primary,Y2:P_phys_fixed,0.0200,0.9333,-1.3595,0.9333,-1.3595,False,False
primary,Y2:P_phys_fixed,0.0500,1.5833,-0.9446,1.6167,-0.9091,False,False
primary,Y2:P_phys_fixed,0.1000,2.4833,-0.2616,2.5000,-0.2407,False,False
primary,Y2:P_phys_fixed,0.2500,4.9333,2.7549,4.9333,2.7549,True,True
primary,Y2:P_phys_fixed,0.5000,6.1167,3.8477,6.1167,3.8477,True,True
primary,Y2:P_phys_fixed,0.7500,4.7500,2.3999,4.7500,2.3999,True,True
primary,Y2:P_phys_fixed,1.0000,-26.6500,-29.4990,-25.5667,-28.4195,False,False
primary,Y2:P_phys_matched_Y2,0.0200,2.8333,0.6547,2.8500,0.6741,True,True
primary,Y2:P_phys_matched_Y2,0.0500,5.7000,3.8244,5.7167,3.8506,True,True
primary,Y2:P_phys_matched_Y2,0.1000,6.5667,4.4827,6.5833,4.5065,True,True
primary,Y2:P_phys_matched_Y2,0.2500,8.2000,5.7159,8.2000,5.7159,True,True
primary,Y2:P_phys_matched_Y2,0.5000,9.0000,6.3855,9.0000,6.3855,True,True
primary,Y2:P_phys_matched_Y2,0.7500,9.4333,6.7714,9.4333,6.7714,True,True
primary,Y2:P_phys_matched_Y2,1.0000,9.9833,7.2275,10.0000,7.2530,True,True
sens1_no_Pm_Tc,Y1:P_H_fixed,0.0200,2.6333,0.0754,2.7167,0.1729,True,True
sens1_no_Pm_Tc,Y1:P_H_fixed,0.0500,3.3500,0.4544,3.4167,0.5079,True,True
sens1_no_Pm_Tc,Y1:P_H_fixed,0.1000,3.5500,0.6010,3.6000,0.6452,True,True
sens1_no_Pm_Tc,Y1:P_H_fixed,0.2500,5.1000,1.6231,5.2333,1.7672,True,True
sens1_no_Pm_Tc,Y1:P_H_fixed,0.5000,7.8667,5.1428,7.9667,5.2488,True,True
sens1_no_Pm_Tc,Y1:P_H_fixed,0.7500,7.5833,4.5162,7.7667,4.7301,True,True
sens1_no_Pm_Tc,Y1:P_H_fixed,1.0000,-0.4833,-5.7422,1.2833,-3.9239,False,False
sens1_no_Pm_Tc,Y1:P_phys_fixed,0.0200,5.7667,3.6488,5.7667,3.6488,True,True
sens1_no_Pm_Tc,Y1:P_phys_fixed,0.0500,7.8833,5.9447,7.9000,5.9626,True,True
sens1_no_Pm_Tc,Y1:P_phys_fixed,0.1000,10.2500,7.6583,10.2167,7.6292,True,True
sens1_no_Pm_Tc,Y1:P_phys_fixed,0.2500,11.5333,8.8954,11.5333,8.8933,True,True
sens1_no_Pm_Tc,Y1:P_phys_fixed,0.5000,12.4000,9.7227,12.3500,9.6618,True,True
sens1_no_Pm_Tc,Y1:P_phys_fixed,0.7500,13.0333,10.2539,12.9833,10.1939,True,True
sens1_no_Pm_Tc,Y1:P_phys_fixed,1.0000,14.0000,11.0644,13.9333,10.9879,True,True
sens1_no_Pm_Tc,Y2:P_H_fixed,0.0200,3.3333,1.8215,3.3500,1.8729,True,True
sens1_no_Pm_Tc,Y2:P_H_fixed,0.0500,3.2667,0.9045,3.2833,0.9596,True,True
sens1_no_Pm_Tc,Y2:P_H_fixed,0.1000,3.1667,0.7223,3.2833,0.8677,True,True
sens1_no_Pm_Tc,Y2:P_H_fixed,0.2500,3.7667,1.4193,3.9167,1.6793,True,True
sens1_no_Pm_Tc,Y2:P_H_fixed,0.5000,3.4500,0.7736,3.6500,1.0953,True,True
sens1_no_Pm_Tc,Y2:P_H_fixed,0.7500,2.7167,0.0963,2.9167,0.3938,True,True
sens1_no_Pm_Tc,Y2:P_H_fixed,1.0000,-10.9500,-16.3920,-8.6667,-13.6965,False,False
sens1_no_Pm_Tc,Y2:P_H_matched_Y2,0.0200,4.0167,1.8796,4.0500,1.9460,True,True
sens1_no_Pm_Tc,Y2:P_H_matched_Y2,0.0500,4.7333,2.3963,4.7833,2.5052,True,True
sens1_no_Pm_Tc,Y2:P_H_matched_Y2,0.1000,3.9167,1.4430,4.0000,1.6255,True,True
sens1_no_Pm_Tc,Y2:P_H_matched_Y2,0.2500,3.9500,0.9746,4.0833,1.2461,True,True
sens1_no_Pm_Tc,Y2:P_H_matched_Y2,0.5000,2.8000,-1.0008,2.9500,-0.7043,False,False
sens1_no_Pm_Tc,Y2:P_H_matched_Y2,0.7500,3.5833,0.0469,3.8333,0.4919,True,True
sens1_no_Pm_Tc,Y2:P_H_matched_Y2,1.0000,-3.4667,-9.4796,-1.3500,-6.2912,False,False
sens1_no_Pm_Tc,Y2:P_phys_fixed,0.0200,0.7333,-1.9876,0.7167,-1.9876,False,False
sens1_no_Pm_Tc,Y2:P_phys_fixed,0.0500,1.8500,-0.5770,1.7833,-0.6208,False,False
sens1_no_Pm_Tc,Y2:P_phys_fixed,0.1000,2.8667,0.3685,2.8167,0.3299,True,True
sens1_no_Pm_Tc,Y2:P_phys_fixed,0.2500,4.1833,1.6924,4.0833,1.6148,True,True
sens1_no_Pm_Tc,Y2:P_phys_fixed,0.5000,6.5833,4.4994,6.4833,4.3961,True,True
sens1_no_Pm_Tc,Y2:P_phys_fixed,0.7500,5.0167,3.0765,4.9833,3.0221,True,True
sens1_no_Pm_Tc,Y2:P_phys_fixed,1.0000,-22.6667,-25.6783,-19.3500,-22.0731,False,False
sens1_no_Pm_Tc,Y2:P_phys_matched_Y2,0.0200,4.9500,3.3058,4.9000,3.2515,True,True
sens1_no_Pm_Tc,Y2:P_phys_matched_Y2,0.0500,6.6833,4.6257,6.6167,4.5773,True,True
sens1_no_Pm_Tc,Y2:P_phys_matched_Y2,0.1000,6.9167,4.9871,6.8500,4.9393,True,True
sens1_no_Pm_Tc,Y2:P_phys_matched_Y2,0.2500,7.6500,5.6348,7.6667,5.7039,True,True
sens1_no_Pm_Tc,Y2:P_phys_matched_Y2,0.5000,8.8167,6.8457,8.7500,6.8021,True,True
sens1_no_Pm_Tc,Y2:P_phys_matched_Y2,0.7500,9.3000,7.2366,9.2000,7.1549,True,True
sens1_no_Pm_Tc,Y2:P_phys_matched_Y2,1.0000,10.0833,7.9708,10.0000,7.9182,True,True
unscreened,Y1:P_H_fixed,0.0200,2.1167,-0.8835,2.1000,-0.9031,False,False
unscreened,Y1:P_H_fixed,0.0500,1.5500,-0.9136,1.5500,-0.9146,False,False
unscreened,Y1:P_H_fixed,0.1000,5.2667,2.6534,5.2667,2.6632,True,True
unscreened,Y1:P_H_fixed,0.2500,7.2000,4.3971,7.2167,4.4172,True,True
unscreened,Y1:P_H_fixed,0.5000,8.1000,4.9997,8.1333,5.0531,True,True
unscreened,Y1:P_H_fixed,0.7500,9.1333,5.9784,9.2000,6.0692,True,True
unscreened,Y1:P_H_fixed,1.0000,-1.0167,-7.0325,0.3667,-5.2749,False,False
unscreened,Y2:P_H_fixed,0.0200,-0.7333,-2.0379,-0.7500,-2.0466,False,False
unscreened,Y2:P_H_fixed,0.0500,1.5333,0.1852,1.4833,0.1312,True,True
unscreened,Y2:P_H_fixed,0.1000,2.6167,1.3738,2.5500,1.2681,True,True
unscreened,Y2:P_H_fixed,0.2500,4.5833,2.6622,4.5333,2.6087,True,True
unscreened,Y2:P_H_fixed,0.5000,4.4167,1.7906,4.4167,1.8400,True,True
unscreened,Y2:P_H_fixed,0.7500,3.9000,1.2956,3.9333,1.3835,True,True
unscreened,Y2:P_H_fixed,1.0000,-10.9333,-14.8788,-9.4667,-13.1307,False,False
unscreened,Y2:P_H_matched_Y2,0.0200,1.0000,-0.8527,0.9667,-0.8821,False,False
unscreened,Y2:P_H_matched_Y2,0.0500,1.5333,-0.0511,1.4833,-0.1047,False,False
unscreened,Y2:P_H_matched_Y2,0.1000,1.5833,-0.6301,1.5333,-0.6811,False,False
unscreened,Y2:P_H_matched_Y2,0.2500,3.2833,0.8818,3.2667,0.8908,True,True
unscreened,Y2:P_H_matched_Y2,0.5000,4.9333,2.2508,4.9333,2.3056,True,True
unscreened,Y2:P_H_matched_Y2,0.7500,5.1333,2.0631,5.1667,2.1309,True,True
unscreened,Y2:P_H_matched_Y2,1.0000,-2.7833,-7.6643,-1.7667,-6.1550,False,False
