universe,cell,beta,runs,no_hit_share
primary,Y1:P_H_fixed,0.0000,60,0.1833
primary,Y1:P_H_fixed,0.0200,60,0.1500
primary,Y1:P_H_fixed,0.0500,60,0.0333
primary,Y1:P_H_fixed,0.1000,60,0.0167
primary,Y1:P_H_fixed,0.2500,60,0.0000
primary,Y1:P_H_fixed,0.5000,60,0.0000
primary,Y1:P_H_fixed,0.7500,60,0.0000
primary,Y1:P_H_fixed,1.0000,60,0.0500
primary,Y1:P_phys_fixed,0.0000,60,0.1833
primary,Y1:P_phys_fixed,0.0200,60,0.0833
primary,Y1:P_phys_fixed,0.0500,60,0.0000
primary,Y1:P_phys_fixed,0.1000,60,0.0167
primary,Y1:P_phys_fixed,0.2500,60,0.0000
primary,Y1:P_phys_fixed,0.5000,60,0.0000
primary,Y1:P_phys_fixed,0.7500,60,0.0000
primary,Y1:P_phys_fixed,1.0000,60,0.0000
primary,Y2:P_H_fixed,0.0000,60,0.0667
primary,Y2:P_H_fixed,0.0200,60,0.1167
primary,Y2:P_H_fixed,0.0500,60,0.0833
primary,Y2:P_H_fixed,0.1000,60,0.0500
primary,Y2:P_H_fixed,0.2500,60,0.0000
primary,Y2:P_H_fixed,0.5000,60,0.0000
primary,Y2:P_H_fixed,0.7500,60,0.0000
primary,Y2:P_H_fixed,1.0000,60,0.4500
primary,Y2:P_H_matched_Y2,0.0000,60,0.0667
primary,Y2:P_H_matched_Y2,0.0200,60,0.0500
primary,Y2:P_H_matched_Y2,0.0500,60,0.0500
primary,Y2:P_H_matched_Y2,0.1000,60,0.0667
primary,Y2:P_H_matched_Y2,0.2500,60,0.0167
primary,Y2:P_H_matched_Y2,0.5000,60,0.0000
primary,Y2:P_H_matched_Y2,0.7500,60,0.0000
primary,Y2:P_H_matched_Y2,1.0000,60,0.2500
primary,Y2:P_phys_fixed,0.0000,60,0.0667
primary,Y2:P_phys_fixed,0.0200,60,0.0667
primary,Y2:P_phys_fixed,0.0500,60,0.0667
primary,Y2:P_phys_fixed,0.1000,60,0.0500
primary,Y2:P_phys_fixed,0.2500,60,0.0000
primary,Y2:P_phys_fixed,0.5000,60,0.0000
primary,Y2:P_phys_fixed,0.7500,60,0.0000
primary,Y2:P_phys_fixed,1.0000,60,0.4500
primary,Y2:P_phys_matched_Y2,0.0000,60,0.0667
primary,Y2:P_phys_matched_Y2,0.0200,60,0.0500
primary,Y2:P_phys_matched_Y2,0.0500,60,0.0167
primary,Y2:P_phys_matched_Y2,0.1000,60,0.0000
primary,Y2:P_phys_matched_Y2,0.2500,60,0.0000
primary,Y2:P_phys_matched_Y2,0.5000,60,0.0000
primary,Y2:P_phys_matched_Y2,0.7500,60,0.0000
primary,Y2:P_phys_matched_Y2,1.0000,60,0.0000
sens1_no_Pm_Tc,Y1:P_H_fixed,0.0000,60,0.1167
sens1_no_Pm_Tc,Y1:P_H_fixed,0.0200,60,0.0667
sens1_no_Pm_Tc,Y1:P_H_fixed,0.0500,60,0.0167
sens1_no_Pm_Tc,Y1:P_H_fixed,0.1000,60,0.0500
sens1_no_Pm_Tc,Y1:P_H_fixed,0.2500,60,0.0333
sens1_no_Pm_Tc,Y1:P_H_fixed,0.5000,60,0.0000
sens1_no_Pm_Tc,Y1:P_H_fixed,0.7500,60,0.0000
sens1_no_Pm_Tc,Y1:P_H_fixed,1.0000,60,0.1500
sens1_no_Pm_Tc,Y1:P_phys_fixed,0.0000,60,0.1167
sens1_no_Pm_Tc,Y1:P_phys_fixed,0.0200,60,0.0000
sens1_no_Pm_Tc,Y1:P_phys_fixed,0.0500,60,0.0000
sens1_no_Pm_Tc,Y1:P_phys_fixed,0.1000,60,0.0000
sens1_no_Pm_Tc,Y1:P_phys_fixed,0.2500,60,0.0000
sens1_no_Pm_Tc,Y1:P_phys_fixed,0.5000,60,0.0000
sens1_no_Pm_Tc,Y1:P_phys_fixed,0.7500,60,0.0000
sens1_no_Pm_Tc,Y1:P_phys_fixed,1.0000,60,0.0000
sens1_no_Pm_Tc,Y2:P_H_fixed,0.0000,60,0.0500
sens1_no_Pm_Tc,Y2:P_H_fixed,0.0200,60,0.0000
sens1_no_Pm_Tc,Y2:P_H_fixed,0.0500,60,0.0167
sens1_no_Pm_Tc,Y2:P_H_fixed,0.1000,60,0.0167
sens1_no_Pm_Tc,Y2:P_H_fixed,0.2500,60,0.0000
sens1_no_Pm_Tc,Y2:P_H_fixed,0.5000,60,0.0167
sens1_no_Pm_Tc,Y2:P_H_fixed,0.7500,60,0.0000
sens1_no_Pm_Tc,Y2:P_H_fixed,1.0000,60,0.4000
sens1_no_Pm_Tc,Y2:P_H_matched_Y2,0.0000,60,0.0500
sens1_no_Pm_Tc,Y2:P_H_matched_Y2,0.0200,60,0.0000
sens1_no_Pm_Tc,Y2:P_H_matched_Y2,0.0500,60,0.0000
sens1_no_Pm_Tc,Y2:P_H_matched_Y2,0.1000,60,0.0000
sens1_no_Pm_Tc,Y2:P_H_matched_Y2,0.2500,60,0.0167
sens1_no_Pm_Tc,Y2:P_H_matched_Y2,0.5000,60,0.0000
sens1_no_Pm_Tc,Y2:P_H_matched_Y2,0.7500,60,0.0167
sens1_no_Pm_Tc,Y2:P_H_matched_Y2,1.0000,60,0.2000
sens1_no_Pm_Tc,Y2:P_phys_fixed,0.0000,60,0.0500
sens1_no_Pm_Tc,Y2:P_phys_fixed,0.0200,60,0.0667
sens1_no_Pm_Tc,Y2:P_phys_fixed,0.0500,60,0.0167
sens1_no_Pm_Tc,Y2:P_phys_fixed,0.1000,60,0.0500
sens1_no_Pm_Tc,Y2:P_phys_fixed,0.2500,60,0.0333
sens1_no_Pm_Tc,Y2:P_phys_fixed,0.5000,60,0.0000
sens1_no_Pm_Tc,Y2:P_phys_fixed,0.7500,60,0.0000
sens1_no_Pm_Tc,Y2:P_phys_fixed,1.0000,60,0.1000
sens1_no_Pm_Tc,Y2:P_phys_matched_Y2,0.0000,60,0.0500
sens1_no_Pm_Tc,Y2:P_phys_matched_Y2,0.0200,60,0.0000
sens1_no_Pm_Tc,Y2:P_phys_matched_Y2,0.0500,60,0.0000
sens1_no_Pm_Tc,Y2:P_phys_matched_Y2,0.1000,60,0.0000
sens1_no_Pm_Tc,Y2:P_phys_matched_Y2,0.2500,60,0.0000
sens1_no_Pm_Tc,Y2:P_phys_matched_Y2,0.5000,60,0.0000
sens1_no_Pm_Tc,Y2:P_phys_matched_Y2,0.7500,60,0.0000
sens1_no_Pm_Tc,Y2:P_phys_matched_Y2,1.0000,60,0.0000
unscreened,Y1:P_H_fixed,0.0000,60,0.1667
unscreened,Y1:P_H_fixed,0.0200,60,0.0833
unscreened,Y1:P_H_fixed,0.0500,60,0.0500
unscreened,Y1:P_H_fixed,0.1000,60,0.0167
unscreened,Y1:P_H_fixed,0.2500,60,0.0333
unscreened,Y1:P_H_fixed,0.5000,60,0.0333
unscreened,Y1:P_H_fixed,0.7500,60,0.0000
unscreened,Y1:P_H_fixed,1.0000,60,0.1500
unscreened,Y2:P_H_fixed,0.0000,60,0.0333
unscreened,Y2:P_H_fixed,0.0200,60,0.1000
unscreened,Y2:P_H_fixed,0.0500,60,0.0667
unscreened,Y2:P_H_fixed,0.1000,60,0.0667
unscreened,Y2:P_H_fixed,0.2500,60,0.0000
unscreened,Y2:P_H_fixed,0.5000,60,0.0000
unscreened,Y2:P_H_fixed,0.7500,60,0.0167
unscreened,Y2:P_H_fixed,1.0000,60,0.4000
unscreened,Y2:P_H_matched_Y2,0.0000,60,0.0333
unscreened,Y2:P_H_matched_Y2,0.0200,60,0.0500
unscreened,Y2:P_H_matched_Y2,0.0500,60,0.0667
unscreened,Y2:P_H_matched_Y2,0.1000,60,0.0500
unscreened,Y2:P_H_matched_Y2,0.2500,60,0.0167
unscreened,Y2:P_H_matched_Y2,0.5000,60,0.0000
unscreened,Y2:P_H_matched_Y2,0.7500,60,0.0000
unscreened,Y2:P_H_matched_Y2,1.0000,60,0.2000
